<?xml version="1.0" encoding="UTF-8"?>
<xable>
	<navigation>
		<title>
			<type>text</type>
			<label>Etykieta</label>
			<text>
				<pl>menu</pl>
			</text>
		</title>
	</navigation>
	<multi_page>
		<title>
			<type>text</type>
			<label>Nazwa podstrony</label>
			<text>
				<pl>Strona</pl>
			</text>
		</title>
		<link>
			<type>string</type>
			<label>Odnośnik</label>
			<string>index.php#home</string>
		</link>
		<active>
			<type>option</type>
			<checkbox>
				<option>Aktywna</option>
			</checkbox>
			<selected>Aktywna</selected>
		</active>
	</multi_page>
</xable>
