<?xml version="1.0" encoding="UTF-8"?>
<xable>
	<_file_manager>
		<upload>
			<type>media</type>
			<media>
				<files></files>
			</media>
			<set>files</set>
		</upload>
		<delete>
			<type>media</type>
			<media>
				<files></files>
			</media>
			<set>files</set>
		</delete>
	</_file_manager>
	<multi_sentence>
		<key>
			<type>string</type>
			<string>_and_</string>
		</key>
		<translation>
			<type>text</type>
			<format></format>
			<text>
				<pl>_i_</pl>
				<en></en>
				<de></de>
			</text>
		</translation>
	</multi_sentence>
	<multi_sentence>
		<key>
			<type>string</type>
			<string>about_us</string>
		</key>
		<translation>
			<type>text</type>
			<format></format>
			<text>
				<pl>o nas</pl>
				<en></en>
				<de></de>
			</text>
		</translation>
	</multi_sentence>
	<multi_sentence>
		<key>
			<type>string</type>
			<string>about</string>
		</key>
		<translation>
			<type>text</type>
			<format></format>
			<text>
				<pl>opis</pl>
				<en></en>
				<de></de>
			</text>
		</translation>
	</multi_sentence>
	<multi_sentence>
		<key>
			<type>string</type>
			<string>activation</string>
		</key>
		<translation>
			<type>text</type>
			<format></format>
			<text>
				<pl>aktywacja</pl>
				<en></en>
				<de></de>
			</text>
		</translation>
	</multi_sentence>
	<multi_sentence>
		<key>
			<type>string</type>
			<string>addressbook</string>
		</key>
		<translation>
			<type>text</type>
			<format></format>
			<text>
				<pl>książka adresowa</pl>
				<en></en>
				<de></de>
			</text>
		</translation>
	</multi_sentence>
	<multi_sentence>
		<key>
			<type>string</type>
			<string>address</string>
		</key>
		<translation>
			<type>text</type>
			<format></format>
			<text>
				<pl>adres</pl>
				<en></en>
				<de></de>
			</text>
		</translation>
	</multi_sentence>
	<multi_sentence>
		<key>
			<type>string</type>
			<string>access</string>
		</key>
		<translation>
			<type>text</type>
			<format></format>
			<text>
				<pl>dostęp</pl>
				<en></en>
				<de></de>
			</text>
		</translation>
	</multi_sentence>
	<multi_sentence>
		<key>
			<type>string</type>
			<string>answers</string>
		</key>
		<translation>
			<type>text</type>
			<format></format>
			<text>
				<pl>odpowiedzi</pl>
				<en></en>
				<de></de>
			</text>
		</translation>
	</multi_sentence>
	<multi_sentence>
		<key>
			<type>string</type>
			<string>answer</string>
		</key>
		<translation>
			<type>text</type>
			<format></format>
			<text>
				<pl>odpowiedź</pl>
				<en></en>
				<de></de>
			</text>
		</translation>
	</multi_sentence>
	<multi_sentence>
		<key>
			<type>string</type>
			<string>articles</string>
		</key>
		<translation>
			<type>text</type>
			<format></format>
			<text>
				<pl>artykuły</pl>
				<en></en>
				<de></de>
			</text>
		</translation>
	</multi_sentence>
	<multi_sentence>
		<key>
			<type>string</type>
			<string>article</string>
		</key>
		<translation>
			<type>text</type>
			<format></format>
			<text>
				<pl>artykuł</pl>
				<en></en>
				<de></de>
			</text>
		</translation>
	</multi_sentence>
	<multi_sentence>
		<key>
			<type>string</type>
			<string>awards</string>
		</key>
		<translation>
			<type>text</type>
			<format></format>
			<text>
				<pl>nagrody</pl>
				<en></en>
				<de></de>
			</text>
		</translation>
	</multi_sentence>
	<multi_sentence>
		<key>
			<type>string</type>
			<string>award</string>
		</key>
		<translation>
			<type>text</type>
			<format></format>
			<text>
				<pl>nagroda</pl>
				<en></en>
				<de></de>
			</text>
		</translation>
	</multi_sentence>
	<multi_sentence>
		<key>
			<type>string</type>
			<string>brief</string>
		</key>
		<translation>
			<type>text</type>
			<format></format>
			<text>
				<pl>skrót</pl>
				<en></en>
				<de></de>
			</text>
		</translation>
	</multi_sentence>
	<multi_sentence>
		<key>
			<type>string</type>
			<string>buttons</string>
		</key>
		<translation>
			<type>text</type>
			<format></format>
			<text>
				<pl>guziki</pl>
				<en></en>
				<de></de>
			</text>
		</translation>
	</multi_sentence>
	<multi_sentence>
		<key>
			<type>string</type>
			<string>button</string>
		</key>
		<translation>
			<type>text</type>
			<format></format>
			<text>
				<pl>guzik</pl>
				<en></en>
				<de></de>
			</text>
		</translation>
	</multi_sentence>
	<multi_sentence>
		<key>
			<type>string</type>
			<string>categories</string>
		</key>
		<translation>
			<type>text</type>
			<format></format>
			<text>
				<pl>kategorie</pl>
				<en></en>
				<de></de>
			</text>
		</translation>
	</multi_sentence>
	<multi_sentence>
		<key>
			<type>string</type>
			<string>category</string>
		</key>
		<translation>
			<type>text</type>
			<format></format>
			<text>
				<pl>kategoria</pl>
				<en></en>
				<de></de>
			</text>
		</translation>
	</multi_sentence>
	<multi_sentence>
		<key>
			<type>string</type>
			<string>clip</string>
		</key>
		<translation>
			<type>text</type>
			<format></format>
			<text>
				<pl>klip</pl>
				<en></en>
				<de></de>
			</text>
		</translation>
	</multi_sentence>
	<multi_sentence>
		<key>
			<type>string</type>
			<string>code</string>
		</key>
		<translation>
			<type>text</type>
			<format></format>
			<text>
				<pl>kod</pl>
				<en></en>
				<de></de>
			</text>
		</translation>
	</multi_sentence>
	<multi_sentence>
		<key>
			<type>string</type>
			<string>collection</string>
		</key>
		<translation>
			<type>text</type>
			<format></format>
			<text>
				<pl>kolekcja</pl>
				<en></en>
				<de></de>
			</text>
		</translation>
	</multi_sentence>
	<multi_sentence>
		<key>
			<type>string</type>
			<string>color</string>
		</key>
		<translation>
			<type>text</type>
			<format></format>
			<text>
				<pl>kolor</pl>
				<en></en>
				<de></de>
			</text>
		</translation>
	</multi_sentence>
	<multi_sentence>
		<key>
			<type>string</type>
			<string>contacts</string>
		</key>
		<translation>
			<type>text</type>
			<format></format>
			<text>
				<pl>kontakty</pl>
				<en></en>
				<de></de>
			</text>
		</translation>
	</multi_sentence>
	<multi_sentence>
		<key>
			<type>string</type>
			<string>contact</string>
		</key>
		<translation>
			<type>text</type>
			<format></format>
			<text>
				<pl>kontakt</pl>
				<en></en>
				<de></de>
			</text>
		</translation>
	</multi_sentence>
	<multi_sentence>
		<key>
			<type>string</type>
			<string>comments</string>
		</key>
		<translation>
			<type>text</type>
			<format></format>
			<text>
				<pl>komentarze</pl>
				<en></en>
				<de></de>
			</text>
		</translation>
	</multi_sentence>
	<multi_sentence>
		<key>
			<type>string</type>
			<string>comment</string>
		</key>
		<translation>
			<type>text</type>
			<format></format>
			<text>
				<pl>komentarz</pl>
				<en></en>
				<de></de>
			</text>
		</translation>
	</multi_sentence>
	<multi_sentence>
		<key>
			<type>string</type>
			<string>counter</string>
		</key>
		<translation>
			<type>text</type>
			<format></format>
			<text>
				<pl>licznik</pl>
				<en></en>
				<de></de>
			</text>
		</translation>
	</multi_sentence>
	<multi_sentence>
		<key>
			<type>string</type>
			<string>count</string>
		</key>
		<translation>
			<type>text</type>
			<format></format>
			<text>
				<pl>ilość</pl>
				<en></en>
				<de></de>
			</text>
		</translation>
	</multi_sentence>
	<multi_sentence>
		<key>
			<type>string</type>
			<string>covers</string>
		</key>
		<translation>
			<type>text</type>
			<format></format>
			<text>
				<pl>okładki</pl>
				<en></en>
				<de></de>
			</text>
		</translation>
	</multi_sentence>
	<multi_sentence>
		<key>
			<type>string</type>
			<string>cover</string>
		</key>
		<translation>
			<type>text</type>
			<format></format>
			<text>
				<pl>okładka</pl>
				<en></en>
				<de></de>
			</text>
		</translation>
	</multi_sentence>
	<multi_sentence>
		<key>
			<type>string</type>
			<string>data</string>
		</key>
		<translation>
			<type>text</type>
			<format></format>
			<text>
				<pl>dane</pl>
				<en></en>
				<de></de>
			</text>
		</translation>
	</multi_sentence>
	<multi_sentence>
		<key>
			<type>string</type>
			<string>dictionary</string>
		</key>
		<translation>
			<type>text</type>
			<format></format>
			<text>
				<pl>słownik</pl>
				<en></en>
				<de></de>
			</text>
		</translation>
	</multi_sentence>
	<multi_sentence>
		<key>
			<type>string</type>
			<string>diploma</string>
		</key>
		<translation>
			<type>text</type>
			<format></format>
			<text>
				<pl>dyplom</pl>
				<en></en>
				<de></de>
			</text>
		</translation>
	</multi_sentence>
	<multi_sentence>
		<key>
			<type>string</type>
			<string>discography</string>
		</key>
		<translation>
			<type>text</type>
			<format></format>
			<text>
				<pl>dyskografia</pl>
				<en></en>
				<de></de>
			</text>
		</translation>
	</multi_sentence>
	<multi_sentence>
		<key>
			<type>string</type>
			<string>default</string>
		</key>
		<translation>
			<type>text</type>
			<format></format>
			<text>
				<pl>domyślne</pl>
				<en></en>
				<de></de>
			</text>
		</translation>
	</multi_sentence>
	<multi_sentence>
		<key>
			<type>string</type>
			<string>description</string>
		</key>
		<translation>
			<type>text</type>
			<format></format>
			<text>
				<pl>opis</pl>
				<en></en>
				<de></de>
			</text>
		</translation>
	</multi_sentence>
	<multi_sentence>
		<key>
			<type>string</type>
			<string>documents</string>
		</key>
		<translation>
			<type>text</type>
			<format></format>
			<text>
				<pl>dokumenty</pl>
				<en></en>
				<de></de>
			</text>
		</translation>
	</multi_sentence>
	<multi_sentence>
		<key>
			<type>string</type>
			<string>document</string>
		</key>
		<translation>
			<type>text</type>
			<format></format>
			<text>
				<pl>dokument</pl>
				<en></en>
				<de></de>
			</text>
		</translation>
	</multi_sentence>
	<multi_sentence>
		<key>
			<type>string</type>
			<string>downloads</string>
		</key>
		<translation>
			<type>text</type>
			<format></format>
			<text>
				<pl>pliki do pobrania</pl>
				<en></en>
				<de></de>
			</text>
		</translation>
	</multi_sentence>
	<multi_sentence>
		<key>
			<type>string</type>
			<string>download</string>
		</key>
		<translation>
			<type>text</type>
			<format></format>
			<text>
				<pl>plik do pobrania</pl>
				<en></en>
				<de></de>
			</text>
		</translation>
	</multi_sentence>
	<multi_sentence>
		<key>
			<type>string</type>
			<string>events</string>
		</key>
		<translation>
			<type>text</type>
			<format></format>
			<text>
				<pl>wydarzenia</pl>
				<en></en>
				<de></de>
			</text>
		</translation>
	</multi_sentence>
	<multi_sentence>
		<key>
			<type>string</type>
			<string>event</string>
		</key>
		<translation>
			<type>text</type>
			<format></format>
			<text>
				<pl>wydarzenie</pl>
				<en></en>
				<de></de>
			</text>
		</translation>
	</multi_sentence>
	<multi_sentence>
		<key>
			<type>string</type>
			<string>galleries</string>
		</key>
		<translation>
			<type>text</type>
			<format></format>
			<text>
				<pl>galerie</pl>
				<en></en>
				<de></de>
			</text>
		</translation>
	</multi_sentence>
	<multi_sentence>
		<key>
			<type>string</type>
			<string>gallery</string>
		</key>
		<translation>
			<type>text</type>
			<format></format>
			<text>
				<pl>galeria</pl>
				<en></en>
				<de></de>
			</text>
		</translation>
	</multi_sentence>
	<multi_sentence>
		<key>
			<type>string</type>
			<string>groups</string>
		</key>
		<translation>
			<type>text</type>
			<format></format>
			<text>
				<pl>grupy</pl>
				<en></en>
				<de></de>
			</text>
		</translation>
	</multi_sentence>
	<multi_sentence>
		<key>
			<type>string</type>
			<string>group</string>
		</key>
		<translation>
			<type>text</type>
			<format></format>
			<text>
				<pl>grupa</pl>
				<en></en>
				<de></de>
			</text>
		</translation>
	</multi_sentence>
	<multi_sentence>
		<key>
			<type>string</type>
			<string>features</string>
		</key>
		<translation>
			<type>text</type>
			<format></format>
			<text>
				<pl>cechy</pl>
				<en></en>
				<de></de>
			</text>
		</translation>
	</multi_sentence>
	<multi_sentence>
		<key>
			<type>string</type>
			<string>feature</string>
		</key>
		<translation>
			<type>text</type>
			<format></format>
			<text>
				<pl>cecha</pl>
				<en></en>
				<de></de>
			</text>
		</translation>
	</multi_sentence>
	<multi_sentence>
		<key>
			<type>string</type>
			<string>files</string>
		</key>
		<translation>
			<type>text</type>
			<format></format>
			<text>
				<pl>pliki</pl>
				<en></en>
				<de></de>
			</text>
		</translation>
	</multi_sentence>
	<multi_sentence>
		<key>
			<type>string</type>
			<string>file</string>
		</key>
		<translation>
			<type>text</type>
			<format></format>
			<text>
				<pl>plik</pl>
				<en></en>
				<de></de>
			</text>
		</translation>
	</multi_sentence>
	<multi_sentence>
		<key>
			<type>string</type>
			<string>folders</string>
		</key>
		<translation>
			<type>text</type>
			<format></format>
			<text>
				<pl>katalogi</pl>
				<en></en>
				<de></de>
			</text>
		</translation>
	</multi_sentence>
	<multi_sentence>
		<key>
			<type>string</type>
			<string>folder</string>
		</key>
		<translation>
			<type>text</type>
			<format></format>
			<text>
				<pl>katalog</pl>
				<en></en>
				<de></de>
			</text>
		</translation>
	</multi_sentence>
	<multi_sentence>
		<key>
			<type>string</type>
			<string>form</string>
		</key>
		<translation>
			<type>text</type>
			<format></format>
			<text>
				<pl>formularz</pl>
				<en></en>
				<de></de>
			</text>
		</translation>
	</multi_sentence>
	<multi_sentence>
		<key>
			<type>string</type>
			<string>header</string>
		</key>
		<translation>
			<type>text</type>
			<format></format>
			<text>
				<pl>nagłówek</pl>
				<en></en>
				<de></de>
			</text>
		</translation>
	</multi_sentence>
	<multi_sentence>
		<key>
			<type>string</type>
			<string>home</string>
		</key>
		<translation>
			<type>text</type>
			<format></format>
			<text>
				<pl>strona główna</pl>
				<en></en>
				<de></de>
			</text>
		</translation>
	</multi_sentence>
	<multi_sentence>
		<key>
			<type>string</type>
			<string>images</string>
		</key>
		<translation>
			<type>text</type>
			<format></format>
			<text>
				<pl>obrazy</pl>
				<en></en>
				<de></de>
			</text>
		</translation>
	</multi_sentence>
	<multi_sentence>
		<key>
			<type>string</type>
			<string>image</string>
		</key>
		<translation>
			<type>text</type>
			<format></format>
			<text>
				<pl>obraz</pl>
				<en></en>
				<de></de>
			</text>
		</translation>
	</multi_sentence>
	<multi_sentence>
		<key>
			<type>string</type>
			<string>include</string>
		</key>
		<translation>
			<type>text</type>
			<format></format>
			<text>
				<pl>dołącz</pl>
				<en></en>
				<de></de>
			</text>
		</translation>
	</multi_sentence>
	<multi_sentence>
		<key>
			<type>string</type>
			<string>index</string>
		</key>
		<translation>
			<type>text</type>
			<format></format>
			<text>
				<pl>strona główna</pl>
				<en></en>
				<de></de>
			</text>
		</translation>
	</multi_sentence>
	<multi_sentence>
		<key>
			<type>string</type>
			<string>keys</string>
		</key>
		<translation>
			<type>text</type>
			<format></format>
			<text>
				<pl>klucze</pl>
				<en></en>
				<de></de>
			</text>
		</translation>
	</multi_sentence>
	<multi_sentence>
		<key>
			<type>string</type>
			<string>key</string>
		</key>
		<translation>
			<type>text</type>
			<format></format>
			<text>
				<pl>klucz</pl>
				<en></en>
				<de></de>
			</text>
		</translation>
	</multi_sentence>
	<multi_sentence>
		<key>
			<type>string</type>
			<string>labels</string>
		</key>
		<translation>
			<type>text</type>
			<format></format>
			<text>
				<pl>etykiety</pl>
				<en></en>
				<de></de>
			</text>
		</translation>
	</multi_sentence>
	<multi_sentence>
		<key>
			<type>string</type>
			<string>label</string>
		</key>
		<translation>
			<type>text</type>
			<format></format>
			<text>
				<pl>etykieta</pl>
				<en></en>
				<de></de>
			</text>
		</translation>
	</multi_sentence>
	<multi_sentence>
		<key>
			<type>string</type>
			<string>languages</string>
		</key>
		<translation>
			<type>text</type>
			<format></format>
			<text>
				<pl>języki</pl>
				<en></en>
				<de></de>
			</text>
		</translation>
	</multi_sentence>
	<multi_sentence>
		<key>
			<type>string</type>
			<string>language</string>
		</key>
		<translation>
			<type>text</type>
			<format></format>
			<text>
				<pl>język</pl>
				<en></en>
				<de></de>
			</text>
		</translation>
	</multi_sentence>
	<multi_sentence>
		<key>
			<type>string</type>
			<string>library</string>
		</key>
		<translation>
			<type>text</type>
			<format></format>
			<text>
				<pl>biblioteka</pl>
				<en></en>
				<de></de>
			</text>
		</translation>
	</multi_sentence>
	<multi_sentence>
		<key>
			<type>string</type>
			<string>main</string>
		</key>
		<translation>
			<type>text</type>
			<format></format>
			<text>
				<pl>główne</pl>
				<en></en>
				<de></de>
			</text>
		</translation>
	</multi_sentence>
	<multi_sentence>
		<key>
			<type>string</type>
			<string>map</string>
		</key>
		<translation>
			<type>text</type>
			<format></format>
			<text>
				<pl>mapa</pl>
				<en></en>
				<de></de>
			</text>
		</translation>
	</multi_sentence>
	<multi_sentence>
		<key>
			<type>string</type>
			<string>messages</string>
		</key>
		<translation>
			<type>text</type>
			<format></format>
			<text>
				<pl>wiadomości</pl>
				<en></en>
				<de></de>
			</text>
		</translation>
	</multi_sentence>
	<multi_sentence>
		<key>
			<type>string</type>
			<string>message</string>
		</key>
		<translation>
			<type>text</type>
			<format></format>
			<text>
				<pl>wiadomość</pl>
				<en></en>
				<de></de>
			</text>
		</translation>
	</multi_sentence>
	<multi_sentence>
		<key>
			<type>string</type>
			<string>mode</string>
		</key>
		<translation>
			<type>text</type>
			<format></format>
			<text>
				<pl>tryb</pl>
				<en></en>
				<de></de>
			</text>
		</translation>
	</multi_sentence>
	<multi_sentence>
		<key>
			<type>string</type>
			<string>movies</string>
		</key>
		<translation>
			<type>text</type>
			<format></format>
			<text>
				<pl>filmy</pl>
				<en></en>
				<de></de>
			</text>
		</translation>
	</multi_sentence>
	<multi_sentence>
		<key>
			<type>string</type>
			<string>movie</string>
		</key>
		<translation>
			<type>text</type>
			<format></format>
			<text>
				<pl>film</pl>
				<en></en>
				<de></de>
			</text>
		</translation>
	</multi_sentence>
	<multi_sentence>
		<key>
			<type>string</type>
			<string>names</string>
		</key>
		<translation>
			<type>text</type>
			<format></format>
			<text>
				<pl>nazwy</pl>
				<en></en>
				<de></de>
			</text>
		</translation>
	</multi_sentence>
	<multi_sentence>
		<key>
			<type>string</type>
			<string>name</string>
		</key>
		<translation>
			<type>text</type>
			<format></format>
			<text>
				<pl>nazwa</pl>
				<en></en>
				<de></de>
			</text>
		</translation>
	</multi_sentence>
	<multi_sentence>
		<key>
			<type>string</type>
			<string>navigation</string>
		</key>
		<translation>
			<type>text</type>
			<format></format>
			<text>
				<pl>nawigacja</pl>
				<en></en>
				<de></de>
			</text>
		</translation>
	</multi_sentence>
	<multi_sentence>
		<key>
			<type>string</type>
			<string>new</string>
		</key>
		<translation>
			<type>text</type>
			<format></format>
			<text>
				<pl>nowy</pl>
				<en></en>
				<de></de>
			</text>
		</translation>
	</multi_sentence>
	<multi_sentence>
		<key>
			<type>string</type>
			<string>none</string>
		</key>
		<translation>
			<type>text</type>
			<format></format>
			<text>
				<pl>brak</pl>
				<en></en>
				<de></de>
			</text>
		</translation>
	</multi_sentence>
	<multi_sentence>
		<key>
			<type>string</type>
			<string>numbers</string>
		</key>
		<translation>
			<type>text</type>
			<format></format>
			<text>
				<pl>numery</pl>
				<en></en>
				<de></de>
			</text>
		</translation>
	</multi_sentence>
	<multi_sentence>
		<key>
			<type>string</type>
			<string>number</string>
		</key>
		<translation>
			<type>text</type>
			<format></format>
			<text>
				<pl>numer</pl>
				<en></en>
				<de></de>
			</text>
		</translation>
	</multi_sentence>
	<multi_sentence>
		<key>
			<type>string</type>
			<string>offices</string>
		</key>
		<translation>
			<type>text</type>
			<format></format>
			<text>
				<pl>biura</pl>
				<en></en>
				<de></de>
			</text>
		</translation>
	</multi_sentence>
	<multi_sentence>
		<key>
			<type>string</type>
			<string>office</string>
		</key>
		<translation>
			<type>text</type>
			<format></format>
			<text>
				<pl>biuro</pl>
				<en></en>
				<de></de>
			</text>
		</translation>
	</multi_sentence>
	<multi_sentence>
		<key>
			<type>string</type>
			<string>options</string>
		</key>
		<translation>
			<type>text</type>
			<format></format>
			<text>
				<pl>opcje</pl>
				<en></en>
				<de></de>
			</text>
		</translation>
	</multi_sentence>
	<multi_sentence>
		<key>
			<type>string</type>
			<string>option</string>
		</key>
		<translation>
			<type>text</type>
			<format></format>
			<text>
				<pl>opcja</pl>
				<en></en>
				<de></de>
			</text>
		</translation>
	</multi_sentence>
	<multi_sentence>
		<key>
			<type>string</type>
			<string>order</string>
		</key>
		<translation>
			<type>text</type>
			<format></format>
			<text>
				<pl>kolejność</pl>
				<en></en>
				<de></de>
			</text>
		</translation>
	</multi_sentence>
	<multi_sentence>
		<key>
			<type>string</type>
			<string>page_link</string>
		</key>
		<translation>
			<type>text</type>
			<format></format>
			<text>
				<pl>link do strony</pl>
				<en></en>
				<de></de>
			</text>
		</translation>
	</multi_sentence>
	<multi_sentence>
		<key>
			<type>string</type>
			<string>pages</string>
		</key>
		<translation>
			<type>text</type>
			<format></format>
			<text>
				<pl>strony</pl>
				<en></en>
				<de></de>
			</text>
		</translation>
	</multi_sentence>
	<multi_sentence>
		<key>
			<type>string</type>
			<string>page</string>
		</key>
		<translation>
			<type>text</type>
			<format></format>
			<text>
				<pl>strona</pl>
				<en></en>
				<de></de>
			</text>
		</translation>
	</multi_sentence>
	<multi_sentence>
		<key>
			<type>string</type>
			<string>paragraph</string>
		</key>
		<translation>
			<type>text</type>
			<format></format>
			<text>
				<pl>akapit</pl>
				<en></en>
				<de></de>
			</text>
		</translation>
	</multi_sentence>
	<multi_sentence>
		<key>
			<type>string</type>
			<string>persons</string>
		</key>
		<translation>
			<type>text</type>
			<format></format>
			<text>
				<pl>osoby</pl>
				<en></en>
				<de></de>
			</text>
		</translation>
	</multi_sentence>
	<multi_sentence>
		<key>
			<type>string</type>
			<string>person</string>
		</key>
		<translation>
			<type>text</type>
			<format></format>
			<text>
				<pl>osoba</pl>
				<en></en>
				<de></de>
			</text>
		</translation>
	</multi_sentence>
	<multi_sentence>
		<key>
			<type>string</type>
			<string>photos</string>
		</key>
		<translation>
			<type>text</type>
			<format></format>
			<text>
				<pl>zdjęcia</pl>
				<en></en>
				<de></de>
			</text>
		</translation>
	</multi_sentence>
	<multi_sentence>
		<key>
			<type>string</type>
			<string>photo</string>
		</key>
		<translation>
			<type>text</type>
			<format></format>
			<text>
				<pl>zdjęcie</pl>
				<en></en>
				<de></de>
			</text>
		</translation>
	</multi_sentence>
	<multi_sentence>
		<key>
			<type>string</type>
			<string>pictures</string>
		</key>
		<translation>
			<type>text</type>
			<format></format>
			<text>
				<pl>obrazy</pl>
				<en></en>
				<de></de>
			</text>
		</translation>
	</multi_sentence>
	<multi_sentence>
		<key>
			<type>string</type>
			<string>picture</string>
		</key>
		<translation>
			<type>text</type>
			<format></format>
			<text>
				<pl>obraz</pl>
				<en></en>
				<de></de>
			</text>
		</translation>
	</multi_sentence>
	<multi_sentence>
		<key>
			<type>string</type>
			<string>preferences</string>
		</key>
		<translation>
			<type>text</type>
			<format></format>
			<text>
				<pl>preferencje</pl>
				<en></en>
				<de></de>
			</text>
		</translation>
	</multi_sentence>
	<multi_sentence>
		<key>
			<type>string</type>
			<string>preview</string>
		</key>
		<translation>
			<type>text</type>
			<format></format>
			<text>
				<pl>zapowiedź</pl>
				<en></en>
				<de></de>
			</text>
		</translation>
	</multi_sentence>
	<multi_sentence>
		<key>
			<type>string</type>
			<string>products</string>
		</key>
		<translation>
			<type>text</type>
			<format></format>
			<text>
				<pl>produkty</pl>
				<en></en>
				<de></de>
			</text>
		</translation>
	</multi_sentence>
	<multi_sentence>
		<key>
			<type>string</type>
			<string>product</string>
		</key>
		<translation>
			<type>text</type>
			<format></format>
			<text>
				<pl>produkt</pl>
				<en></en>
				<de></de>
			</text>
		</translation>
	</multi_sentence>
	<multi_sentence>
		<key>
			<type>string</type>
			<string>publication</string>
		</key>
		<translation>
			<type>text</type>
			<format></format>
			<text>
				<pl>publikacja</pl>
				<en></en>
				<de></de>
			</text>
		</translation>
	</multi_sentence>
	<multi_sentence>
		<key>
			<type>string</type>
			<string>questions</string>
		</key>
		<translation>
			<type>text</type>
			<format></format>
			<text>
				<pl>pytania</pl>
				<en></en>
				<de></de>
			</text>
		</translation>
	</multi_sentence>
	<multi_sentence>
		<key>
			<type>string</type>
			<string>question</string>
		</key>
		<translation>
			<type>text</type>
			<format></format>
			<text>
				<pl>pytanie</pl>
				<en></en>
				<de></de>
			</text>
		</translation>
	</multi_sentence>
	<multi_sentence>
		<key>
			<type>string</type>
			<string>registration</string>
		</key>
		<translation>
			<type>text</type>
			<format></format>
			<text>
				<pl>rejestracja</pl>
				<en></en>
				<de></de>
			</text>
		</translation>
	</multi_sentence>
	<multi_sentence>
		<key>
			<type>string</type>
			<string>remove</string>
		</key>
		<translation>
			<type>text</type>
			<format></format>
			<text>
				<pl>usuwanie</pl>
				<en></en>
				<de></de>
			</text>
		</translation>
	</multi_sentence>
	<multi_sentence>
		<key>
			<type>string</type>
			<string>reviews</string>
		</key>
		<translation>
			<type>text</type>
			<format></format>
			<text>
				<pl>opinie</pl>
				<en></en>
				<de></de>
			</text>
		</translation>
	</multi_sentence>
	<multi_sentence>
		<key>
			<type>string</type>
			<string>review</string>
		</key>
		<translation>
			<type>text</type>
			<format></format>
			<text>
				<pl>opinia</pl>
				<en></en>
				<de></de>
			</text>
		</translation>
	</multi_sentence>
	<multi_sentence>
		<key>
			<type>string</type>
			<string>signature</string>
		</key>
		<translation>
			<type>text</type>
			<format></format>
			<text>
				<pl>podpis</pl>
				<en></en>
				<de></de>
			</text>
		</translation>
	</multi_sentence>
	<multi_sentence>
		<key>
			<type>string</type>
			<string>section</string>
		</key>
		<translation>
			<type>text</type>
			<format></format>
			<text>
				<pl>sekcja</pl>
				<en></en>
				<de></de>
			</text>
		</translation>
	</multi_sentence>
	<multi_sentence>
		<key>
			<type>string</type>
			<string>sentences</string>
		</key>
		<translation>
			<type>text</type>
			<format></format>
			<text>
				<pl>wyrażenia</pl>
				<en></en>
				<de></de>
			</text>
		</translation>
	</multi_sentence>
	<multi_sentence>
		<key>
			<type>string</type>
			<string>sentence</string>
		</key>
		<translation>
			<type>text</type>
			<format></format>
			<text>
				<pl>wyrażenie</pl>
				<en></en>
				<de></de>
			</text>
		</translation>
	</multi_sentence>
	<multi_sentence>
		<key>
			<type>string</type>
			<string>settings</string>
		</key>
		<translation>
			<type>text</type>
			<format></format>
			<text>
				<pl>ustawienia</pl>
				<en></en>
				<de></de>
			</text>
		</translation>
	</multi_sentence>
	<multi_sentence>
		<key>
			<type>string</type>
			<string>services</string>
		</key>
		<translation>
			<type>text</type>
			<format></format>
			<text>
				<pl>usługi</pl>
				<en></en>
				<de></de>
			</text>
		</translation>
	</multi_sentence>
	<multi_sentence>
		<key>
			<type>string</type>
			<string>service</string>
		</key>
		<translation>
			<type>text</type>
			<format></format>
			<text>
				<pl>usługa</pl>
				<en></en>
				<de></de>
			</text>
		</translation>
	</multi_sentence>
	<multi_sentence>
		<key>
			<type>string</type>
			<string>slideshow</string>
		</key>
		<translation>
			<type>text</type>
			<format></format>
			<text>
				<pl>pokaz slajdów</pl>
				<en></en>
				<de></de>
			</text>
		</translation>
	</multi_sentence>
	<multi_sentence>
		<key>
			<type>string</type>
			<string>slides</string>
		</key>
		<translation>
			<type>text</type>
			<format></format>
			<text>
				<pl>slajdy</pl>
				<en></en>
				<de></de>
			</text>
		</translation>
	</multi_sentence>
	<multi_sentence>
		<key>
			<type>string</type>
			<string>slide</string>
		</key>
		<translation>
			<type>text</type>
			<format></format>
			<text>
				<pl>slajd</pl>
				<en></en>
				<de></de>
			</text>
		</translation>
	</multi_sentence>
	<multi_sentence>
		<key>
			<type>string</type>
			<string>slogans</string>
		</key>
		<translation>
			<type>text</type>
			<format></format>
			<text>
				<pl>slogany</pl>
				<en></en>
				<de></de>
			</text>
		</translation>
	</multi_sentence>
	<multi_sentence>
		<key>
			<type>string</type>
			<string>statistics</string>
		</key>
		<translation>
			<type>text</type>
			<format></format>
			<text>
				<pl>statystyki</pl>
				<en></en>
				<de></de>
			</text>
		</translation>
	</multi_sentence>
	<multi_sentence>
		<key>
			<type>string</type>
			<string>studies</string>
		</key>
		<translation>
			<type>text</type>
			<format></format>
			<text>
				<pl>badania</pl>
				<en></en>
				<de></de>
			</text>
		</translation>
	</multi_sentence>
	<multi_sentence>
		<key>
			<type>string</type>
			<string>study</string>
		</key>
		<translation>
			<type>text</type>
			<format></format>
			<text>
				<pl>badanie</pl>
				<en></en>
				<de></de>
			</text>
		</translation>
	</multi_sentence>
	<multi_sentence>
		<key>
			<type>string</type>
			<string>subscription</string>
		</key>
		<translation>
			<type>text</type>
			<format></format>
			<text>
				<pl>subskrypcja</pl>
				<en></en>
				<de></de>
			</text>
		</translation>
	</multi_sentence>
	<multi_sentence>
		<key>
			<type>string</type>
			<string>tables</string>
		</key>
		<translation>
			<type>text</type>
			<format></format>
			<text>
				<pl>tabelki</pl>
				<en></en>
				<de></de>
			</text>
		</translation>
	</multi_sentence>
	<multi_sentence>
		<key>
			<type>string</type>
			<string>table</string>
		</key>
		<translation>
			<type>text</type>
			<format></format>
			<text>
				<pl>tabelka</pl>
				<en></en>
				<de></de>
			</text>
		</translation>
	</multi_sentence>
	<multi_sentence>
		<key>
			<type>string</type>
			<string>text</string>
		</key>
		<translation>
			<type>text</type>
			<format></format>
			<text>
				<pl>tekst</pl>
				<en></en>
				<de></de>
			</text>
		</translation>
	</multi_sentence>
	<multi_sentence>
		<key>
			<type>string</type>
			<string>title</string>
		</key>
		<translation>
			<type>text</type>
			<format></format>
			<text>
				<pl>tytuł</pl>
				<en></en>
				<de></de>
			</text>
		</translation>
	</multi_sentence>
	<multi_sentence>
		<key>
			<type>string</type>
			<string>tools</string>
		</key>
		<translation>
			<type>text</type>
			<format></format>
			<text>
				<pl>Narzędzia</pl>
				<en></en>
				<de></de>
			</text>
		</translation>
	</multi_sentence>
	<multi_sentence>
		<key>
			<type>string</type>
			<string>tool</string>
		</key>
		<translation>
			<type>text</type>
			<format></format>
			<text>
				<pl>Narzędzie</pl>
				<en></en>
				<de></de>
			</text>
		</translation>
	</multi_sentence>
	<multi_sentence>
		<key>
			<type>string</type>
			<string>type</string>
		</key>
		<translation>
			<type>text</type>
			<format></format>
			<text>
				<pl>typ</pl>
				<en></en>
				<de></de>
			</text>
		</translation>
	</multi_sentence>
	<multi_sentence>
		<key>
			<type>string</type>
			<string>version</string>
		</key>
		<translation>
			<type>text</type>
			<format></format>
			<text>
				<pl>wersja</pl>
				<en></en>
				<de></de>
			</text>
		</translation>
	</multi_sentence>
	<multi_sentence>
		<key>
			<type>string</type>
			<string>video</string>
		</key>
		<translation>
			<type>text</type>
			<format></format>
			<text>
				<pl>wideo</pl>
				<en></en>
				<de></de>
			</text>
		</translation>
	</multi_sentence>
</xable>
