<?xml version="1.0" encoding="UTF-8"?>
<xable>
	<_file_manager>
		<upload>
			<type>media</type>
			<media>
				<files></files>
			</media>
			<set>files</set>
		</upload>
		<delete>
			<type>media</type>
			<media>
				<files></files>
			</media>
			<set>files</set>
		</delete>
	</_file_manager>
	<multi_sentence>
		<key>
			<type>string</type>
			<string>forgot-password</string>
		</key>
		<translation>
			<type>textarea</type>
			<format></format>
			<text>
				<pl>Zapomniałeś hasła?</pl>
				<en>Forgot your password?</en>
				<de></de>
			</text>
		</translation>
	</multi_sentence>
	<multi_sentence>
		<key>
			<type>string</type>
			<string>empty-input-alert</string>
		</key>
		<translation>
			<type>textarea</type>
			<format></format>
			<text>
				<pl>Pole nie może być puste</pl>
				<en>Field can't be ampty</en>
				<de></de>
			</text>
		</translation>
	</multi_sentence>
	<multi_sentence>
		<key>
			<type>string</type>
			<string>page-delete-failed</string>
		</key>
		<translation>
			<type>textarea</type>
			<format></format>
			<text>
				<pl>Nie udało się usunąć strony</pl>
				<en>Failed to delete page</en>
				<de></de>
			</text>
		</translation>
	</multi_sentence>
	<multi_sentence>
		<key>
			<type>string</type>
			<string>page-delete-done</string>
		</key>
		<translation>
			<type>textarea</type>
			<format></format>
			<text>
				<pl>Strona została usunięta</pl>
				<en>Page deleted</en>
				<de></de>
			</text>
		</translation>
	</multi_sentence>
	<multi_sentence>
		<key>
			<type>string</type>
			<string>changes-save-failed</string>
		</key>
		<translation>
			<type>textarea</type>
			<format></format>
			<text>
				<pl>Zmiany nie zostały zapisane</pl>
				<en>Failed to save changes</en>
				<de></de>
			</text>
		</translation>
	</multi_sentence>
	<multi_sentence>
		<key>
			<type>string</type>
			<string>changes-save-done</string>
		</key>
		<translation>
			<type>textarea</type>
			<format></format>
			<text>
				<pl>Zmiany zostały zapisane</pl>
				<en>Changes saved</en>
				<de></de>
			</text>
		</translation>
	</multi_sentence>
	<multi_sentence>
		<key>
			<type>string</type>
			<string>quit-label</string>
		</key>
		<translation>
			<type>textarea</type>
			<format></format>
			<text>
				<pl>Zakończ</pl>
				<en>Quit</en>
				<de></de>
			</text>
		</translation>
	</multi_sentence>
	<multi_sentence>
		<key>
			<type>string</type>
			<string>reload-label</string>
		</key>
		<translation>
			<type>textarea</type>
			<format></format>
			<text>
				<pl>Przywróć</pl>
				<en>Reload</en>
				<de></de>
			</text>
		</translation>
	</multi_sentence>
	<multi_sentence>
		<key>
			<type>string</type>
			<string>open-label</string>
		</key>
		<translation>
			<type>textarea</type>
			<format></format>
			<text>
				<pl>Otwórz</pl>
				<en>Open</en>
				<de></de>
			</text>
		</translation>
	</multi_sentence>
	<multi_sentence>
		<key>
			<type>string</type>
			<string>new-label</string>
		</key>
		<translation>
			<type>textarea</type>
			<format></format>
			<text>
				<pl>Nowy</pl>
				<en>New</en>
				<de></de>
			</text>
		</translation>
	</multi_sentence>
	<multi_sentence>
		<key>
			<type>string</type>
			<string>yes-no-buttons</string>
		</key>
		<translation>
			<type>textarea</type>
			<format></format>
			<text>
				<pl>Tak,Nie</pl>
				<en>Yes,No</en>
				<de></de>
			</text>
		</translation>
	</multi_sentence>
	<multi_sentence>
		<key>
			<type>string</type>
			<string>ok-label</string>
		</key>
		<translation>
			<type>textarea</type>
			<text>
				<pl>OK</pl>
				<en>OK</en>
				<de></de>
			</text>
		</translation>
	</multi_sentence>
	<multi_sentence>
		<key>
			<type>string</type>
			<string>save-cancel-buttons</string>
		</key>
		<translation>
			<type>textarea</type>
			<text>
				<pl>Zapisz,Anuluj</pl>
				<en>Save,Cancel</en>
				<de></de>
			</text>
		</translation>
	</multi_sentence>
	<multi_sentence>
		<key>
			<type>string</type>
			<string>cancel-label</string>
		</key>
		<translation>
			<type>textarea</type>
			<text>
				<pl>Anuluj</pl>
				<en>Cancel</en>
				<de></de>
			</text>
		</translation>
	</multi_sentence>
	<multi_sentence>
		<key>
			<type>string</type>
			<string>close-label</string>
		</key>
		<translation>
			<type>textarea</type>
			<text>
				<pl>Zamknij</pl>
				<en>Close</en>
				<de></de>
			</text>
		</translation>
	</multi_sentence>
	<multi_sentence>
		<key>
			<type>string</type>
			<string>save-as-label</string>
		</key>
		<translation>
			<type>textarea</type>
			<text>
				<pl>Zapisz jako</pl>
				<en>Save as</en>
				<de></de>
			</text>
		</translation>
	</multi_sentence>
	<multi_sentence>
		<key>
			<type>string</type>
			<string>save-label</string>
		</key>
		<translation>
			<type>textarea</type>
			<text>
				<pl>Zapisz</pl>
				<en>Save</en>
				<de></de>
			</text>
		</translation>
	</multi_sentence>
	<multi_sentence>
		<key>
			<type>string</type>
			<string>timeout-reset-button</string>
		</key>
		<translation>
			<type>textarea</type>
			<format></format>
			<text>
				<pl>Nie wylogowuj</pl>
				<en>Don't log out</en>
				<de></de>
			</text>
		</translation>
	</multi_sentence>
	<multi_sentence>
		<key>
			<type>string</type>
			<string>session-timeout-html</string>
		</key>
		<translation>
			<type>textarea</type>
			<format></format>
			<text>
				<pl>UWAGA![br]Czas sesji przekroczył @session_max minut.[br]Za &lt;span id="countdown"&gt;@countdown&lt;/span&gt; sekund nastąpi automatyczne wylogowanie z panelu</pl>
				<en>WARNING![br]The session time has exceeded @session_max minutes.[br]You will be logged out automatically  in &lt;span id="countdown"&gt;@countdown&lt;/span&gt; seconds.</en>
				<de></de>
			</text>
		</translation>
	</multi_sentence>
	<multi_sentence>
		<key>
			<type>string</type>
			<string>session-expired</string>
		</key>
		<translation>
			<type>textarea</type>
			<format></format>
			<text>
				<pl>Sesja wygasła. Zaloguj się ponownie</pl>
				<en>The session has expired. Sign in again</en>
				<de></de>
			</text>
		</translation>
	</multi_sentence>
	<multi_sentence>
		<key>
			<type>string</type>
			<string>xml-preview-html</string>
		</key>
		<translation>
			<type>textarea</type>
			<format></format>
			<text>
				<pl>&lt;p&gt;&lt;b&gt;Podgląd kodu XML&lt;/B&gt; / kliknij aby zamknąć&lt;/p&gt;</pl>
				<en>&lt;p&gt;&lt;b&gt;XML code preview&lt;/B&gt; / click anywhere to close&lt;/p&gt;</en>
				<de></de>
			</text>
		</translation>
	</multi_sentence>
	<multi_sentence>
		<key>
			<type>string</type>
			<string>revert-to-previous-confirm</string>
		</key>
		<translation>
			<type>textarea</type>
			<format></format>
			<text>
				<pl>Czy na pewno chcesz przywrócić poprzednią wersję?</pl>
				<en>Are you sure to revert to the previous version?</en>
				<de></de>
			</text>
		</translation>
	</multi_sentence>
	<multi_sentence>
		<key>
			<type>string</type>
			<string>page-delete-confirm</string>
		</key>
		<translation>
			<type>textarea</type>
			<format></format>
			<text>
				<pl>Czy na pewno chcesz usunąć stronę?</pl>
				<en>Are you sure you want to delete the page?</en>
				<de></de>
			</text>
		</translation>
	</multi_sentence>
	<multi_sentence>
		<key>
			<type>string</type>
			<string>discard-changes-confirm</string>
		</key>
		<translation>
			<type>textarea</type>
			<format></format>
			<text>
				<pl>Czy na pewno chcesz odrzucić wszystkie zmiany?</pl>
				<en>Are you sure you want to discard all changes?</en>
				<de></de>
			</text>
		</translation>
	</multi_sentence>
	<multi_sentence>
		<key>
			<type>string</type>
			<string>unpublish-changes-confirm</string>
		</key>
		<translation>
			<type>textarea</type>
			<format></format>
			<text>
				<pl>Czy na pewno chcesz wycofać wersję publiczną?</pl>
				<en>Are you sure you want to unpublish the current version?</en>
				<de></de>
			</text>
		</translation>
	</multi_sentence>
	<multi_sentence>
		<key>
			<type>string</type>
			<string>cancel-changes-alert</string>
		</key>
		<translation>
			<type>textarea</type>
			<format></format>
			<text>
				<pl>Czy na pewno chcesz anulować wszystkie zmiany?</pl>
				<en>Are you sure to cancel all changes?</en>
				<de></de>
			</text>
		</translation>
	</multi_sentence>
	<multi_sentence>
		<key>
			<type>string</type>
			<string>unsaved-changes-alert</string>
		</key>
		<translation>
			<type>textarea</type>
			<format></format>
			<text>
				<pl>Niezapisane zmiany zostana utracone.[br]Czy mimo to chcesz kontynuować?</pl>
				<en>There are unsaved changes![br]Do you still want to continue?</en>
				<de></de>
			</text>
		</translation>
	</multi_sentence>
</xable>
