<?xml version="1.0" encoding="UTF-8"?>
<xable>
	<_file_manager>
		<upload>
			<type>media</type>
			<media>
				<files></files>
			</media>
			<set>files</set>
		</upload>
		<delete>
			<type>media</type>
			<media>
				<files></files>
			</media>
			<set>files</set>
		</delete>
	</_file_manager>
	<multi_sentence>
		<key>
			<type>string</type>
			<string>subpages-label</string>
		</key>
		<translation>
			<type>text</type>
			<text>
				<pl>Podstrony</pl>
				<en>Subpages</en>
				<de></de>
			</text>
		</translation>
	</multi_sentence>
	<multi_sentence>
		<key>
			<type>string</type>
			<string>subpage-label</string>
		</key>
		<translation>
			<type>text</type>
			<text>
				<pl>Podstrona</pl>
				<en>Subpage</en>
				<de></de>
			</text>
		</translation>
	</multi_sentence>
	<multi_sentence>
		<key>
			<type>string</type>
			<string>pages-label</string>
		</key>
		<translation>
			<type>text</type>
			<text>
				<pl>Strony</pl>
				<en>Pages</en>
				<de></de>
			</text>
		</translation>
	</multi_sentence>
	<multi_sentence>
		<key>
			<type>string</type>
			<string>page-label</string>
		</key>
		<translation>
			<type>text</type>
			<text>
				<pl>Strona</pl>
				<en>Page</en>
				<de></de>
			</text>
		</translation>
	</multi_sentence>
	<multi_sentence>
		<key>
			<type>string</type>
			<string>images-label</string>
		</key>
		<translation>
			<type>text</type>
			<text>
				<pl>Obrazki</pl>
				<en>Images</en>
				<de></de>
			</text>
		</translation>
	</multi_sentence>
	<multi_sentence>
		<key>
			<type>string</type>
			<string>image-label</string>
		</key>
		<translation>
			<type>text</type>
			<text>
				<pl>Obrazek</pl>
				<en>Image</en>
				<de></de>
			</text>
		</translation>
	</multi_sentence>
	<multi_sentence>
		<key>
			<type>string</type>
			<string>image-description-label</string>
		</key>
		<translation>
			<type>text</type>
			<text>
				<pl>Obrazek z opisem</pl>
				<en>Image with description</en>
				<de></de>
			</text>
		</translation>
	</multi_sentence>
	<multi_sentence>
		<key>
			<type>string</type>
			<string>files-label</string>
		</key>
		<translation>
			<type>text</type>
			<text>
				<pl>Pliki</pl>
				<en>Files</en>
				<de></de>
			</text>
		</translation>
	</multi_sentence>
	<multi_sentence>
		<key>
			<type>string</type>
			<string>file-label</string>
		</key>
		<translation>
			<type>text</type>
			<text>
				<pl>Plik</pl>
				<en>File</en>
				<de></de>
			</text>
		</translation>
	</multi_sentence>
	<multi_sentence>
		<key>
			<type>string</type>
			<string>new-window</string>
		</key>
		<translation>
			<type>text</type>
			<text>
				<pl>Otwórz w nowym oknie</pl>
				<en>Open in new window</en>
				<de></de>
			</text>
		</translation>
	</multi_sentence>
	<multi_sentence>
		<key>
			<type>string</type>
			<string>link-input</string>
		</key>
		<translation>
			<type>text</type>
			<text>
				<pl>Wpisz lub wklej adres do strony www</pl>
				<en>Type or paste URL link</en>
				<de></de>
			</text>
		</translation>
	</multi_sentence>
	<multi_sentence>
		<key>
			<type>string</type>
			<string>mail-input</string>
		</key>
		<translation>
			<type>text</type>
			<text>
				<pl>Wpisz lub wklej adres email</pl>
				<en>Type or paste email address</en>
				<de></de>
			</text>
		</translation>
	</multi_sentence>
	<multi_sentence>
		<key>
			<type>string</type>
			<string>style-link-internal</string>
		</key>
		<translation>
			<type>text</type>
			<text>
				<pl>Odsyłacz wewnętrzny</pl>
				<en>Internal link</en>
				<de></de>
			</text>
		</translation>
	</multi_sentence>
	<multi_sentence>
		<key>
			<type>string</type>
			<string>style-link-external</string>
		</key>
		<translation>
			<type>text</type>
			<text>
				<pl>Odsyłacz zewnętrzny</pl>
				<en>External link</en>
				<de></de>
			</text>
		</translation>
	</multi_sentence>
	<multi_sentence>
		<key>
			<type>string</type>
			<string>style-library-page</string>
		</key>
		<translation>
			<type>text</type>
			<text>
				<pl>Łącze do strony w magazynie</pl>
				<en>Link to page from library</en>
				<de></de>
			</text>
		</translation>
	</multi_sentence>
	<multi_sentence>
		<key>
			<type>string</type>
			<string>style-library-figure</string>
		</key>
		<translation>
			<type>text</type>
			<text>
				<pl>Wstaw obrazek z magazynu</pl>
				<en>Insert picture from library</en>
				<de></de>
			</text>
		</translation>
	</multi_sentence>
	<multi_sentence>
		<key>
			<type>string</type>
			<string>style-library-attachment</string>
		</key>
		<translation>
			<type>text</type>
			<text>
				<pl>Wstaw plik z magazynu</pl>
				<en>Attach file from library</en>
				<de></de>
			</text>
		</translation>
	</multi_sentence>
	<multi_sentence>
		<key>
			<type>string</type>
			<string>style-link</string>
		</key>
		<translation>
			<type>text</type>
			<text>
				<pl>Link</pl>
				<en>Link</en>
				<de></de>
			</text>
		</translation>
	</multi_sentence>
	<multi_sentence>
		<key>
			<type>string</type>
			<string>style-mail</string>
		</key>
		<translation>
			<type>text</type>
			<text>
				<pl>Email</pl>
				<en>Email</en>
				<de></de>
			</text>
		</translation>
	</multi_sentence>
	<multi_sentence>
		<key>
			<type>string</type>
			<string>style-line</string>
		</key>
		<translation>
			<type>text</type>
			<text>
				<pl>Pozioma linia</pl>
				<en>Horizontal line</en>
				<de></de>
			</text>
		</translation>
	</multi_sentence>
	<multi_sentence>
		<key>
			<type>string</type>
			<string>style-bullet</string>
		</key>
		<translation>
			<type>text</type>
			<text>
				<pl>Kropka</pl>
				<en>Bullet</en>
				<de></de>
			</text>
		</translation>
	</multi_sentence>
	<multi_sentence>
		<key>
			<type>string</type>
			<string>style-center</string>
		</key>
		<translation>
			<type>text</type>
			<text>
				<pl>Wyśrodkowanie</pl>
				<en>Center</en>
				<de></de>
			</text>
		</translation>
	</multi_sentence>
	<multi_sentence>
		<key>
			<type>string</type>
			<string>style-list</string>
		</key>
		<translation>
			<type>text</type>
			<text>
				<pl>Lista</pl>
				<en>List</en>
				<de></de>
			</text>
		</translation>
	</multi_sentence>
	<multi_sentence>
		<key>
			<type>string</type>
			<string>style-subscript</string>
		</key>
		<translation>
			<type>text</type>
			<text>
				<pl>Indeks dolny</pl>
				<en>Subscript</en>
				<de></de>
			</text>
		</translation>
	</multi_sentence>
	<multi_sentence>
		<key>
			<type>string</type>
			<string>style-superscript</string>
		</key>
		<translation>
			<type>text</type>
			<text>
				<pl>Index górny</pl>
				<en>Superscript</en>
				<de></de>
			</text>
		</translation>
	</multi_sentence>
	<multi_sentence>
		<key>
			<type>string</type>
			<string>style-underline</string>
		</key>
		<translation>
			<type>text</type>
			<text>
				<pl>Podkreślenie</pl>
				<en>Underline</en>
				<de></de>
			</text>
		</translation>
	</multi_sentence>
	<multi_sentence>
		<key>
			<type>string</type>
			<string>style-italic</string>
		</key>
		<translation>
			<type>text</type>
			<text>
				<pl>Kursywa</pl>
				<en>Italic</en>
				<de></de>
			</text>
		</translation>
	</multi_sentence>
	<multi_sentence>
		<key>
			<type>string</type>
			<string>style-bold</string>
		</key>
		<translation>
			<type>text</type>
			<text>
				<pl>Pogrubienie</pl>
				<en>Bold</en>
				<de></de>
			</text>
		</translation>
	</multi_sentence>
	<multi_sentence>
		<key>
			<type>string</type>
			<string>style-preview-label</string>
		</key>
		<translation>
			<type>text</type>
			<text>
				<pl>Podgląd</pl>
				<en>Preview</en>
				<de></de>
			</text>
		</translation>
	</multi_sentence>
	<multi_sentence>
		<key>
			<type>string</type>
			<string>style-preview</string>
		</key>
		<translation>
			<type>text</type>
			<text>
				<pl>Podgląd formatowania</pl>
				<en>Style preview</en>
				<de></de>
			</text>
		</translation>
	</multi_sentence>
	<multi_sentence>
		<key>
			<type>string</type>
			<string>style-delete</string>
		</key>
		<translation>
			<type>text</type>
			<text>
				<pl>Usuń formatowanie</pl>
				<en>Remove formatting</en>
				<de></de>
			</text>
		</translation>
	</multi_sentence>
</xable>
