about us;o nas
about;opis
address book;książka adresowa
addressbook;książka adresowa
address;adres
acces;dostęp
article;artykuł
awards;nagrody
award;nagroda
brief;skrót
buttons;guziki
button;guzik
clip;klip
collection;kolekcja
color;kolor
colour;kolor
contacts;kontakty
contact;kontakt
comments;komentarze
comment;komentarz
count;ilość
cover;okładka
diploma;dyplom
discography;dyskografia
description;opis
documents;dokumenty
document;dokument
downloads;pliki do pobrania
download;plik do pobrania
gallery;galeria
galleries;galerie
groups;gupy
group;gupa
features;cechy
feature;cecha
files;pliki
file;plik
folders;katalogi
folder;katalog
form;formularz
header;nagłówek
home;strona główna
images;obrazy
image;obraz
include;dołącz
index;strona główna
languages;języki
language;język
main;główne
map;mapa
messages;wiadomości
mode;tryb
movies;filmy
movie;film
name:nazwa
navigation;nawigacja
new;nowy
none;brak
number;numer
offices;biura
office;biuro
options;opcje
option;opcja
order;kolejność
page link;link do strony
pages;strony
page;strona
photos;zdjęcia
photo;zdjęcie
pictures;obrazy
picture;obraz
preferences;preferencje
preview;zapowiedź
products;produkty
product;produkt
publication;publikacja
reviews;opinie
review;opinia
signature;podpis
section;sekcja
settings;ustawienia
slideshow;pokaz slajdów
slides;slajdy
slide;slajd
subscription;subskrypcja
tables;tabelki
table;tabelka
text;tekst
title;tytuł
type;typ
version;wersja
video;wideo