<?xml version="1.0" encoding="UTF-8"?>
<xable>
	<_file_manager>
		<upload>
			<type>media</type>
			<media>
				<files></files>
			</media>
			<set>files</set>
		</upload>
		<delete>
			<type>media</type>
			<media>
				<files></files>
			</media>
			<set>files</set>
		</delete>
	</_file_manager>
	<header>
		<title>
			<type>text</type>
			<label>Tytuł</label>
			<text>
				<pl>Jaki jest X.able?</pl>
				<en></en>
				<de></de>
			</text>
		</title>
		<text>
			<type>textarea</type>
			<label>Opis</label>
			<format>*</format>
			<text>
				<pl></pl>
				<en></en>
			</text>
		</text>
		<image>
			<type>media</type>
			<label>Obraz</label>
			<media>
				<image>media/about</image>
			</media>
			<set>image</set>
		</image>
	</header>
	<multi_post>
		<icon_font>
			<type>string</type>
			<label>Ikona</label>
			<description>https://ionicons.com/</description>
			<string>bulb-outline</string>
			<options></options>
		</icon_font>
		<title>
			<type>text</type>
			<label>Tytuł</label>
			<text>
				<pl>Prosty w obsłudze</pl>
				<en></en>
			</text>
		</title>
		<text>
			<type>textarea</type>
			<label>Opis</label>
			<format>*</format>
			<text>
				<pl>Lorem ipsum dolor sit amet, consectetur adipiscing elit. Proin nibh augue, suscipit a, scelerisque sed, lacinia in, mi.</pl>
				<en></en>
			</text>
		</text>
	</multi_post>
	<multi_post>
		<icon_font>
			<type>string</type>
			<label>Ikona</label>
			<description>https://ionicons.com/</description>
			<string>leaf-outline</string>
			<options></options>
		</icon_font>
		<title>
			<type>text</type>
			<label>Tytuł</label>
			<text>
				<pl>Lekki i elastyczny</pl>
				<en></en>
			</text>
		</title>
		<text>
			<type>textarea</type>
			<label>Opis</label>
			<format>*</format>
			<text>
				<pl>Lorem ipsum dolor sit amet, consectetur adipiscing elit. Proin nibh augue, suscipit a, scelerisque sed, lacinia in, mi.</pl>
				<en></en>
			</text>
		</text>
	</multi_post>
	<multi_post>
		<icon_font>
			<type>string</type>
			<label>Ikona</label>
			<description>https://ionicons.com/</description>
			<string>lock-closed-outline</string>
			<options></options>
		</icon_font>
		<title>
			<type>text</type>
			<label>Tytuł</label>
			<text>
				<pl>Bezpieczny</pl>
				<en></en>
			</text>
		</title>
		<text>
			<type>textarea</type>
			<label>Opis</label>
			<format>*</format>
			<text>
				<pl>Lorem ipsum dolor sit amet, consectetur adipiscing elit. Proin nibh augue, suscipit a, scelerisque sed, lacinia in, mi.</pl>
				<en></en>
			</text>
		</text>
	</multi_post>
</xable>
