<?xml version="1.0" encoding="UTF-8"?>
<xable>
	<_file_manager>
		<upload>
			<type>media</type>
			<media>
				<files></files>
			</media>
			<set>files</set>
		</upload>
		<delete>
			<type>media</type>
			<media>
				<files></files>
			</media>
			<set>files</set>
		</delete>
	</_file_manager>
	<header>
		<title>
			<type>text</type>
			<label>Tytuł</label>
			<text>
				<pl>Pobieranie i kontakt</pl>
				<en></en>
				<de></de>
			</text>
		</title>
		<text>
			<type>textarea</type>
			<label>Opis</label>
			<format>*</format>
			<text>
				<pl></pl>
				<en></en>
			</text>
		</text>
	</header>
	<multi_post>
		<title>
			<type>text</type>
			<label>Tytuł</label>
			<text>
				<pl>Pobieranie</pl>
				<en></en>
				<de></de>
			</text>
		</title>
		<text>
			<type>textarea</type>
			<label>Opis</label>
			<format>*</format>
			<text>
				<pl></pl>
				<en></en>
			</text>
		</text>
		<folder_path>
			<type>string</type>
			<label>Ścieżka do folderu</label>
			<string>admin/_installer</string>
			<options></options>
		</folder_path>
		<photo>
			<type>media</type>
			<label>Zdjęcie</label>
			<media>
				<image>media/download</image>
			</media>
			<set>image</set>
		</photo>
	</multi_post>
	<multi_post>
		<title>
			<type>text</type>
			<label>Tytuł</label>
			<text>
				<pl>Kontakt</pl>
				<en></en>
				<de></de>
			</text>
		</title>
		<text>
			<type>textarea</type>
			<label>Opis</label>
			<format>*</format>
			<text>
				<pl>[email=maciej@maciejnowak.com]maciej@maciejnowak.com[/email][br][url=tel:+48 608 360 175]+48 608 360 175[/url]</pl>
				<en></en>
			</text>
		</text>
		<folder_path>
			<type>string</type>
			<label>Ścieżka do folderu</label>
			<string></string>
			<options></options>
		</folder_path>
		<photo>
			<type>media</type>
			<label>Zdjęcie</label>
			<media>
				<image>media/download</image>
			</media>
			<set>image</set>
		</photo>
	</multi_post>
</xable>
