<?xml version="1.0" encoding="UTF-8"?>
<xable>
	<_file_manager>
		<upload>
			<type>media</type>
			<media>
				<files></files>
			</media>
			<set>files</set>
		</upload>
		<delete>
			<type>media</type>
			<media>
				<files></files>
			</media>
			<set>files</set>
		</delete>
	</_file_manager>
	<header>
		<title>
			<type>text</type>
			<label>Tytuł</label>
			<text>
				<pl>Notatki</pl>
				<en></en>
				<de></de>
			</text>
		</title>
		<text>
			<type>textarea</type>
			<label>Opis</label>
			<format>*</format>
			<text>
				<pl>X.able CMS to system zarządzania treścią strony internetowej oparty na formacie XML dla serwerów typu Apache. Powstał z myślą o sprawnym deweloperach preferujących tworzenie stron od podstaw, dla których kombajny wspomagające i zarządzanie treścią są ograniczeniem, a nie pomocą. Także o tych, którzy nie chcą z takich popularnych rozwiązań korzystać ze względów bezpieczeństwa. Może to być też dobre rozwiązanie w przypadku braku możliwości użycia typowej bazy danych MySQL czy też w przypadku bardzo ograniczonego miejsca na serwerze.[br]X.able pozwala deweloperowi na precyzyjne określenie możliwości wpływu użytkownika końcowego, zarówno na treść, jak i na wygląd czy strukturę strony. Pozwala to na znaczące uproszczenie obsługi panelu CMS, a jednocześnie zabezpiecza przed niepożądanymi i/lub przypadkowymi zmianami mogącymi zaburzyć layout czy funkcjonowanie witryny.[br][br]System napisany jest w języku PHP oraz Javascript z użyciem biblioteki jQuery, zajmuje na serwerze niecałe 2MB. Całość jest całkowicie niezależna od samej strony i przeniesienie panelu, strony czy samych treści, wymaga jedynie skopiowania plików.</pl>
				<en></en>
			</text>
		</text>
	</header>
	<multi_post>
		<title>
			<type>text</type>
			<label>Tytuł</label>
			<text>
				<pl></pl>
				<en></en>
				<de></de>
			</text>
		</title>
		<text>
			<type>textarea</type>
			<label>Opis</label>
			<format>*</format>
			<text>
				<pl></pl>
				<en></en>
			</text>
		</text>
		<photo>
			<type>media</type>
			<label>Zdjęcie</label>
			<media>
				<image>media/notatki</image>
			</media>
			<set>image</set>
		</photo>
	</multi_post>
</xable>
