<?xml version="1.0" encoding="UTF-8"?>
<xable>
	<_file_manager>
		<upload>
			<type>media</type>
			<media>
				<files></files>
			</media>
			<set>files</set>
		</upload>
		<delete>
			<type>media</type>
			<media>
				<files></files>
			</media>
			<set>files</set>
		</delete>
	</_file_manager>
	<header>
		<title>
			<type>text</type>
			<label>Tytuł</label>
			<text>
				<pl>Strona główna</pl>
				<en></en>
				<de></de>
			</text>
		</title>
		<headline>
			<type>text</type>
			<label>Nagłówek</label>
			<text>
				<pl>Przyjazny panel administracyjny.</pl>
				<en></en>
			</text>
		</headline>
		<scrolldown>
			<type>text</type>
			<label>Etykieta przycisku</label>
			<text>
				<pl>Poznaj X.able</pl>
				<en></en>
			</text>
		</scrolldown>
		<text>
			<type>textarea</type>
			<label>Opis</label>
			<format>*</format>
			<text>
				<pl>Intuicyjny interfejs, w całości po polsku.[br]Zrobisz wszystko bez czytania instrukcji obsługi.</pl>
				<en></en>
			</text>
		</text>
		<image>
			<type>media</type>
			<label>Obraz na I planie</label>
			<media>
				<image>media/start/interface.jpg</image>
			</media>
			<set>image</set>
		</image>
		<background>
			<type>media</type>
			<label>Obraz w tle</label>
			<media>
				<image>media/start/paper-boats-on-solid-surface-194094.jpg</image>
			</media>
			<set>image</set>
		</background>
	</header>
</xable>
