<?xml version="1.0" encoding="UTF-8"?>
<xable>
	<_file_manager>
		<upload>
			<type>media</type>
			<media>
				<files>media/_files/formosa3.jpg;media/_files/cat.jpg;media/_files/abstract-background-021.jpg</files>
			</media>
			<set>files</set>
		</upload>
		<delete>
			<type>media</type>
			<media>
				<files></files>
			</media>
			<set>files</set>
		</delete>
	</_file_manager>
	<multi_folder>
		<name>
			<type>text</type>
			<label>Nazwa</label>
			<text>
				<pl>Test</pl>
				<en></en>
				<fr></fr>
			</text>
		</name>
		<files>
			<type>media</type>
			<media>
				<files>media/_files/formosa3.jpg;media/_files/cat.jpg;media/_files/abstract-background-021.jpg</files>
			</media>
			<set>files</set>
		</files>
	</multi_folder>
	<multi_folder>
		<name>
			<type>text</type>
			<label>Nazwa</label>
			<text>
				<pl>Folder</pl>
				<en>Folder</en>
				<fr></fr>
			</text>
		</name>
		<files>
			<type>media</type>
			<media>
				<files>media/_files/understand_or_believe.pdf</files>
			</media>
			<set>files</set>
		</files>
	</multi_folder>
</xable>
