<?xml version="1.0" encoding="UTF-8"?>
<xable>
	<_file_manager>
		<upload>
			<type>media</type>
			<media>
				<files></files>
			</media>
			<set>files</set>
		</upload>
		<delete>
			<type>media</type>
			<media>
				<files></files>
			</media>
			<set>files</set>
		</delete>
	</_file_manager>
	<multi_folder>
		<name>
			<type>text</type>
			<label>Nazwa</label>
			<text>
				<pl>Załączniki</pl>
				<en>Folder</en>
			</text>
		</name>
		<files>
			<type>media</type>
			<media>
				<files>media/_files</files>
			</media>
			<set>files</set>
		</files>
	</multi_folder>
</xable>
