<?xml version="1.0" encoding="UTF-8"?>
<xable>
	<_file_manager>
		<upload>
			<type>media</type>
			<media>
				<files></files>
			</media>
			<set>files</set>
		</upload>
		<delete>
			<type>media</type>
			<media>
				<files></files>
			</media>
			<set>files</set>
		</delete>
	</_file_manager>
	<multi_post>
		<title>
			<type>text</type>
			<label>Tytuł</label>
			<text>
				<pl>TEST</pl>
				<en></en>
			</text>
		</title>
		<text>
			<type>textarea</type>
			<label>Opis</label>
			<format>*</format>
			<text>
				<pl>Test test</pl>
				<en></en>
			</text>
		</text>
		<media>
			<type>media</type>
			<label>Multimedia</label>
			<media>
				<image>media/post</image>
				<gallery>media/post</gallery>
				<file>media/post</file>
				<files></files>
				<video></video>
				<none></none>
			</media>
			<set>image</set>
		</media>
	</multi_post>
</xable>
