<?xml version="1.0" encoding="UTF-8"?>
<xable>
	<_file_manager>
		<upload>
			<type>media</type>
			<media>
				<files></files>
			</media>
			<set>files</set>
		</upload>
		<delete>
			<type>media</type>
			<media>
				<files></files>
			</media>
			<set>files</set>
		</delete>
	</_file_manager>
	<header>
		<title>
			<type>text</type>
			<label>Tytuł</label>
			<text>
				<pl>O mnie</pl>
				<en>About me</en>
				<fr></fr>
			</text>
		</title>
		<text>
			<type>textarea</type>
			<label>Opis</label>
			<format>*</format>
			<text>
				<pl></pl>
				<en></en>
				<fr></fr>
			</text>
		</text>
		<type>
			<type>option</type>
			<disabled>true</disabled>
			<label>Typ podstrony</label>
			<radio>
				<option>Akapit</option>
				<option>Cechy</option>
			</radio>
			<selected>Akapit</selected>
		</type>
	</header>
	<multi_post>
		<type>
			<type>option</type>
			<radio>
				<option>Zwykły</option>
				<option>Rozwijany</option>
			</radio>
			<selected>Zwykły</selected>
		</type>
		<title>
			<type>text</type>
			<label>Tytuł</label>
			<text>
				<pl>Magdalena Adaszewska</pl>
				<en>Magdalena Adaszewska</en>
				<fr></fr>
			</text>
		</title>
		<text>
			<type>textarea</type>
			<label>Opis</label>
			<format>*</format>
			<text>
				<pl>Nauczycielka z powołania, wychowawca z zamiłowania. Uwielbia francuski slang i francuskie komedie. Gdy nie uczy, pisze artykuły z zakresu behawioru zwierząt i działa w [url=http://sexpositiveinstitute.pl/]Instytucie Pozytywnej Seksualności[/url].</pl>
				<en>I'm a teacher with a calling, a tutor with passion. I love French slang and French comedies. When I don't teach, I write the articles about animal behaviour and I'm an activist in the Sex Positive Institute  [url=http://sexpositiveinstitute.pl/]Instytucie Pozytywnej Seksualności[/url].</en>
				<fr></fr>
			</text>
		</text>
		<media>
			<type>media</type>
			<label>Multimedia</label>
			<media>
				<image>media/about/moje_super.JPG</image>
				<video></video>
				<none></none>
			</media>
			<set>image</set>
		</media>
	</multi_post>
	<multi_post>
		<type>
			<type>option</type>
			<radio>
				<option>Zwykły</option>
				<option>Rozwijany</option>
			</radio>
			<selected>Rozwijany</selected>
		</type>
		<title>
			<type>text</type>
			<label>Tytuł</label>
			<text>
				<pl>W kontekście swojej pracy jestem</pl>
				<en>About me as a teacher:</en>
				<fr></fr>
			</text>
		</title>
		<text>
			<type>textarea</type>
			<label>Opis</label>
			<format>*</format>
			<text>
				<pl>[list][b]Dyplomowanym nauczycielem[/b]  języka francuskiego z kilkunastoletnim stażem[br][b]Autorką[/b] repetytorium języka francuskiego[br][b]Entuzjastką[/b]  nowoczesnych technologii  w służbie nauki języków obcych i tworzenia autorskich materiałów dydaktycznych[br][b]Osobą posiadającą wiedzę i doświadczenie[/b]  w pracy z osobami z deficytami utrudniającymi naukę języka obcego (problemy z koncentracją uwagi, dysleksja oraz inne deficyty i trudności)[/list]</pl>
				<en>[b][*]I graduated in Teaching French as a Foreign Language.[/b] [b]Aditionally,[/b]  I have been teaching French for over several years now[br][br][*][b]I’m the author[/b] of a French grammar review that my students persuaded me to write  [br][br][*][b]I'm[/b] new technologies[b] enthusiast[/b]. It s me in language learning&teaching and enables me to create original,  didactic materials.[br][br][*][b]I'm a fan[/b] of teaching through laughter, relaxation and conversations on everyday subjects[br][br][*][b]I'm the teache[/b]r  who has knowledge and  experience in teaching people  with foreign language learning difficulties (concentration problems, dyslexia and other troubles, deficits or difficulties).</en>
				<fr></fr>
			</text>
		</text>
		<media>
			<type>media</type>
			<label>Multimedia</label>
			<media>
				<image>media/about</image>
				<video></video>
				<none></none>
			</media>
			<set>none</set>
		</media>
	</multi_post>
	<multi_post>
		<type>
			<type>option</type>
			<radio>
				<option>Zwykły</option>
				<option>Rozwijany</option>
			</radio>
			<selected>Rozwijany</selected>
		</type>
		<title>
			<type>text</type>
			<label>Tytuł</label>
			<text>
				<pl>Poza tym</pl>
				<en>Besides:</en>
				<fr></fr>
			</text>
		</title>
		<text>
			<type>textarea</type>
			<label>Opis</label>
			<format>*</format>
			<text>
				<pl>[list][b]Naprawdę[/b] lubię uczyć![br][b]Nieustannie[/b] rozwijam się  z zakresu metodyki nauczania, motywowania uczniów,  pracy pedagogicznej oraz znajomości języka francuskiego.[br][b]Mam doświadczenie[/b] w pracy w szkołach językowych, przedszkolu francuskim i dwujęzycznym, gimnazjach oraz prowadzeniu zajęć biznesowych. [br][b]Często wspominam[/b] swoje stypendia w Szwajcarii oraz staże  metodyczne we Francji[br][b]Lubię[/b] pisać artykuły, z których część ukazała się w magazynie dla osób uczących się języka francuskiego  „Français Présent”[br][b]Moi uczniowie[/b] w wieku szkolnym, są ze szkół  szkół polskich, brytyjskich, francuskich i amerykańskich[br][b]Ukończyłam[/b] studia wczesnego nauczania języka angielskiego oraz pedagogiki przedszkolnej, co bardzo pomaga mi w nauczaniu najmłodszych na zajęciach stacjonarnych[/list]</pl>
				<en>[*][b]I really like[/b] to teach![br][*][b]I constantly develop[/b] my knowledge of methodology of teaching, motivation, pedagogy and my language skills.[br][*][b]I'm experienced[/b] in teaching in language schools, French and bilingual kindergartens, a few secondary schools and in  classes in compagny[br][*][b]I often got[/b]  scholarships at Swiss universities  and took part in methodological courses in France[br][*][b]I enjoy[/b] writing articles,  some of which  were already published in a magazine for French learners „Français Présent”[br][*] [b]My school age students[/b]  come from British, American, French and Polish schools.[br][*][b]I also graduated in[/b] Teaching and Learning English in Early Childhood and Preschool Pedagogy which helps me a lot during my intramural classes with my youngest pupils</en>
				<fr></fr>
			</text>
		</text>
		<media>
			<type>media</type>
			<label>Multimedia</label>
			<media>
				<image>media/about</image>
				<video></video>
				<none></none>
			</media>
			<set>none</set>
		</media>
	</multi_post>
	<multi_post>
		<type>
			<type>option</type>
			<radio>
				<option>Zwykły</option>
				<option>Rozwijany</option>
			</radio>
			<selected>Rozwijany</selected>
		</type>
		<title>
			<type>text</type>
			<label>Tytuł</label>
			<text>
				<pl>Poza nauczaniem</pl>
				<en>A part teaching:</en>
				<fr></fr>
			</text>
		</title>
		<text>
			<type>textarea</type>
			<label>Opis</label>
			<format>*</format>
			<text>
				<pl>[list][b]Interesuję się seksualnością[/b] i wszystkim, co jej dotyczy i dlatego pracuję w [url=http://sexpositiveinstitute.pl/portfolio2-item/magdalena-adaszewska/]Instytucie Pozytywnej Seksualności[/url] [br][b]Zajmuję się pracą ze zwierzętami[/b] oraz  behawiorem psów i kotów www.happydoghappycat.pl[br][b]Piszę[/b] na powyższe tematy po polsku i francusku[br][b]Uwielbiam[/b] grać w badmintona, słuchać muzyki na żywo, wiosłować łodzią wędkarską, spędzać zimę nad chłodnym, polskim morzem i ciągle się rozwijać[/list]</pl>
				<en>[*][b]I'm interested in[/b]  everything which concern sexuality and  I'm a member of the Sex Positive Institute in Warsaw http://sexpositiveinstitute.pl/osoby/[br][*][b]I work with animals [/b]and I specialise in feline and canine behaviour www.happydoghappycat.pl[br][*][b]I write the articles [/b]in Polish and French on the above-mentioned topics[br][*][b]I love to[/b] play badminton, listen to live music , row a fishing boat,  spend winter by the chill Polish sea,  and develop myself constantly.</en>
				<fr></fr>
			</text>
		</text>
		<media>
			<type>media</type>
			<label>Multimedia</label>
			<media>
				<image>media/about</image>
				<video></video>
				<none></none>
			</media>
			<set>none</set>
		</media>
	</multi_post>
	<multi_post>
		<type>
			<type>option</type>
			<radio>
				<option>Zwykły</option>
				<option>Rozwijany</option>
			</radio>
			<selected>Rozwijany</selected>
		</type>
		<title>
			<type>text</type>
			<label>Tytuł</label>
			<text>
				<pl>Będziesz zadowolony z naszej współpracy gdyż:</pl>
				<en>You will be satisfied with our cooperation because:</en>
				<fr></fr>
			</text>
		</title>
		<text>
			<type>textarea</type>
			<label>Opis</label>
			<format>*</format>
			<text>
				<pl>[*]jestem kreatywna[br][*]otwarta[br][*]ciekawa ludzi z którymi pracuję[br][*]wymagająca[br][*]dobrze tłumaczę[br][*]mam poczucie humoru[br][*]potrafię słuchać</pl>
				<en>[*]I'm creative[br][*]open-minded[br][*]curious of people I work with[br][*]demanding[br][*]I'm good at explaining and making  difficult things easy[br][*]I have a sense of humour[br][*]I'm a good listener[br][br]</en>
				<fr></fr>
			</text>
		</text>
		<media>
			<type>media</type>
			<label>Multimedia</label>
			<media>
				<image>media/about</image>
				<video></video>
				<none></none>
			</media>
			<set>none</set>
		</media>
	</multi_post>
</xable>
