<?xml version="1.0" encoding="UTF-8"?>
<xable>
	<_file_manager>
		<upload>
			<type>media</type>
			<media>
				<files></files>
			</media>
			<set>files</set>
		</upload>
		<delete>
			<type>media</type>
			<media>
				<files></files>
			</media>
			<set>files</set>
		</delete>
	</_file_manager>
	<header>
		<title>
			<type>text</type>
			<label>Tytuł</label>
			<text>
				<pl>Cennik</pl>
				<en>Rate</en>
				<fr></fr>
			</text>
		</title>
		<text>
			<type>textarea</type>
			<label>Opis</label>
			<format>*</format>
			<text>
				<pl>[center][b]Cena za 60 minut zajęć[/b] wynosi 100 PLN[br][b]Cena za 45 minut zajęć[/b] wynosi 80 PLN.[br][b]Dojazd [/b]+10 PLN[/center]</pl>
				<en>[center][b]My rate for 60-minute classes[/b] is 100 PLN[br][b]My rate for 45-minute classes[/b] is 80 PLN[br][b]At your place:[/b] +10 PLN[/center]</en>
				<fr></fr>
			</text>
		</text>
		<type>
			<type>option</type>
			<disabled>true</disabled>
			<label>Typ podstrony</label>
			<radio>
				<option>Akapit</option>
				<option>Cechy</option>
			</radio>
			<selected>Akapit</selected>
		</type>
	</header>
	<background>
		<image>
			<type>media</type>
			<label>Obraz w tle</label>
			<media>
				<image>media/schedule</image>
			</media>
			<set>image</set>
		</image>
	</background>
	<multi_button>
		<label>
			<type>text</type>
			<label>Etykieta</label>
			<text>
				<pl></pl>
				<en></en>
				<fr></fr>
			</text>
		</label>
		<image>
			<type>media</type>
			<label>Obrazek</label>
			<media>
				<image>media/cennik</image>
			</media>
			<set>image</set>
		</image>
		<href>
			<type>string</type>
			<label>Odnośnik</label>
			<string></string>
		</href>
	</multi_button>
</xable>
