<?xml version="1.0" encoding="UTF-8"?>
<xable>

	<_file_manager>
		<upload>
			<type>media</type>
			<media>
				<files></files>
			</media>
			<set>files</set>
		</upload>
		<delete>
			<type>media</type>
			<media>
				<files></files>
			</media>
			<set>files</set>
		</delete>
	</_file_manager>

	<header>
		<title>
			<type>text</type>
			<label>Tytuł</label>
			<text>
				<pl>Kontakt</pl>
				<en>Contact</en>
				<fr></fr>
			</text>
		</title>
		<text>
			<type>textarea</type>
			<label>Opis</label>
			<format>*</format>
			<text>
				<pl></pl>
				<en></en>
				<fr></fr>
			</text>
		</text>
	</header>

	<contact>
		<email>
			<type>string</type>
			<label>Adres email</label>
			<string>Magdalena.adaszewska@francuskina5.pl</string>
		</email>
		<phone>
			<type>string</type>
			<label>Numer telefonu</label>
			<string>+48 513 020 088</string>
		</phone>
		<address>
			<type>textarea</type>
			<label>Adres</label>
			<format>l</format>
			<text>
				<pl></pl>
				<en></en>
				<fr></fr>
			</text>
		</address>
		<map>
			<type>code</type>
			<label>Google Maps</label>
			<description>Wybierz: Udostępnij &gt; Umieść mapę i skopiuj kod</description>
			<code>&lt;iframe src="https://www.google.com/maps/embed?pb=!1m18!1m12!1m3!1d2447.55408504626!2d21.02912225154717!3d52.16061867045283!2m3!1f0!2f0!3f0!3m2!1i1024!2i768!4f13.1!3m3!1m2!1s0x4719329158b970c3%3A0x59e782666620e4b!2sStok%C5%82osy+6%2C+02-787+Warszawa%2C+Polska!5e0!3m2!1spl!2sus!4v1505336420418" width="600" height="450" frameborder="0" style="border:0" allowfullscreen&gt;&lt;/iframe&gt;</code>
		</map>
	</contact>

	<form>
		<title>
			<type>text</type>
			<label>Tytuł</label>
			<text>
				<pl>Napisz do mnie</pl>
				<en></en>
				<fr></fr>
			</text>
		</title>
		<email>
			<type>string</type>
			<label>Adres email obsługujący formularz</label>
			<description>Musi być w domenie strony</description>
			<string>maciej@maciejnowak.com</string>
		</email>
		<form_subject>
			<type>text</type>
			<label>Tytuł wiadomości wysyłanych przez formularz</label>
			<text>
				<pl>Friendly French With Magda - wiadomość z formularza kontaktowego</pl>
				<en>Write to me</en>
				<fr></fr>
			</text>
		</form_subject>
		<subject>
			<type>text</type>
			<label>Wiadomość dla nadawcy, potwierdzająca wysłanie</label>
			<description>Tytuł</description>
			<text>
				<pl>Friendly French With Magda - potwierdzenie dostarczenia wiadomości</pl>
				<en>Friendly French With Magda</en>
				<fr></fr>
			</text>
		</subject>
		<message>
			<type>textarea</type>
			<description>Treść</description>
			<format></format>
			<text>
				<pl>Potwierdzam otrzymanie wiadomości.[br]Odpowiem najszybciej jak to tylko możliwe.[br][br]pozdrawiam, [br]Magda Adaszewska</pl>
				<en>I confirm receiving the message.[br]I will respond as soon as possible.[br][br]Regards,[br]Magda Adaszewska</en>
				<fr></fr>
			</text>
		</message>
		<email_label>
			<type>text</type>
			<label>Etykiety</label>
			<description>Etykieta pola email</description>
			<text>
				<pl>Twój email</pl>
				<en>Your email</en>
				<fr></fr>
			</text>
		</email_label>
		<message_label>
			<type>text</type>
			<description>Etykieta pola wiadomości</description>
			<text>
				<pl>Twoja wiadomość</pl>
				<en>Your message</en>
				<fr></fr>
			</text>
		</message_label>
		<send_button>
			<type>text</type>
			<description>Etykieta przycisku wyślij</description>
			<text>
				<pl>Wyślij</pl>
				<en>Send</en>
				<fr></fr>
			</text>
		</send_button>
		<no_email_warning>
			<type>text</type>
			<label>Ostrzeżenia</label>
			<description>Brak wpisanego emaila</description>
			<text>
				<pl>Podaj adres email</pl>
				<en>The email field is empty</en>
				<fr></fr>
			</text>
		</no_email_warning>
		<no_message_warning>
			<type>text</type>
			<description>Puste pole wiadomości</description>
			<text>
				<pl>Napisz wiadomość</pl>
				<en>No message to send</en>
				<fr></fr>
			</text>
		</no_message_warning>
		<send_done_info>
			<type>text</type>
			<label>Info</label>
			<description>Wiadomość wysłana</description>
			<text>
				<pl>Wiadomość wysłana poprawnie!</pl>
				<en>Message sent successfully</en>
				<fr></fr>
			</text>
		</send_done_info>
		<send_failed_info>
			<type>text</type>
			<description>Wysyłanie nieudane</description>
			<text>
				<pl>Wysyłanie wiadomości nie powiodło się!</pl>
				<en>Message sent failed</en>
				<fr></fr>
			</text>
		</send_failed_info>
	</form>

</xable>