<?xml version="1.0" encoding="UTF-8"?>
<xable>
	<_file_manager>
		<upload>
			<type>media</type>
			<media>
				<files></files>
			</media>
			<set>files</set>
		</upload>
		<delete>
			<type>media</type>
			<media>
				<files>media/audio/Understand_or_Believe_-_Maciej_Nowak_Qaurtet.mp3</files>
			</media>
			<set>files</set>
		</delete>
	</_file_manager>
	<header>
		<title>
			<type>text</type>
			<label>Tytuł</label>
			<text>
				<pl>Friendly French With Magda</pl>
				<en>Strona główna</en>
				<de></de>
				<fr></fr>
			</text>
		</title>
		<logo>
			<type>media</type>
			<label>Logo</label>
			<media>
				<image>media/home/image-logo.png</image>
			</media>
			<set>image</set>
		</logo>
		<frame>
			<type>media</type>
			<label>Tło logo</label>
			<media>
				<image>media/home/image_blackboard.png</image>
			</media>
			<set>image</set>
		</frame>
		<background>
			<type>media</type>
			<label>Tło strony głównej</label>
			<media>
				<image>media/home/bg_image-okulary.jpg</image>
			</media>
			<set>image</set>
		</background>
	</header>
	<music>
		<player>
			<type>option</type>
			<checkbox>
				<option>Włącz odtwarzacz</option>
			</checkbox>
			<selected></selected>
		</player>
		<autoplay>
			<type>option</type>
			<checkbox>
				<option>Uruchom automatycznie odtwarzanie</option>
			</checkbox>
			<selected></selected>
		</autoplay>
		<audio>
			<type>media</type>
			<label>Plik audio</label>
			<description>format mp3</description>
			<media>
				<file>media/audio</file>
			</media>
			<set>file</set>
		</audio>
	</music>
</xable>
