<?xml version="1.0" encoding="UTF-8"?>
<xable>
	<_file_manager>
		<upload>
			<type>media</type>
			<media>
				<files></files>
			</media>
			<set>files</set>
		</upload>
		<delete>
			<type>media</type>
			<media>
				<files></files>
			</media>
			<set>files</set>
		</delete>
	</_file_manager>
	<header>
		<title>
			<type>text</type>
			<label>Tytuł</label>
			<text>
				<pl>Oferta</pl>
				<en>Offer</en>
				<fr></fr>
			</text>
		</title>
		<text>
			<type>textarea</type>
			<label>Opis</label>
			<format>*</format>
			<text>
				<pl>Nawet jeśli jesteś początkujący, zaczniesz mówić już w 2 godzinie zajęć.[br][b]Przełamiesz[/b] barierę językową i [b]zaczniesz mówić[/b]  płynniej [b]Poznasz język potoczny i slang[/b], czyli język jakim rzeczywiście mówi się we Francji.[br][b]Zrelaksujesz się[/b] oglądając skecze,  pośmiejesz czytając komiksy i będziesz rozmawiać o tym, co Cię interesuje.[br][b]Zdasz [/b]egzamin, [b]zwiększysz swoje kompetencje[/b] na rynku pracy, przypomnisz sobie język poznany lata temu, [b]przygotujesz się[/b] do wypadu na zakupy do Paryża,  słowem zrealizujesz własne cele nauki języka.</pl>
				<en></en>
				<fr></fr>
			</text>
		</text>
		<type>
			<type>option</type>
			<disabled>true</disabled>
			<label>Typ podstrony</label>
			<radio>
				<option>Akapit</option>
				<option>Cechy</option>
			</radio>
			<selected>Cechy</selected>
		</type>
	</header>
	<multi_post>
		<icon_name>
			<type>string</type>
			<label>Ikona</label>
			<description>Nazwa symbolu -&gt;  http://ionicons.com/</description>
			<string>ion-social-skype</string>
		</icon_name>
		<icon_color>
			<type>string</type>
			<description>Kolor zapisie heksadecymalnym, np: #000000</description>
			<string>#00aff0</string>
		</icon_color>
		<title>
			<type>text</type>
			<label>Tytuł</label>
			<text>
				<pl>Lekcje online</pl>
				<en>Online lessons</en>
				<fr></fr>
			</text>
		</title>
		<text>
			<type>textarea</type>
			<label>Opis</label>
			<format>*</format>
			<text>
				<pl>Możliwe jest umówienie się na lekcje prowadzone przez komunikator Skype![br]Nie musisz ruszać się z domu by się czegoś nauczyć.[br]Jeśli mieszkasz za daleko by do mnie przyjechać, to jest to idealne rozwiązanie.</pl>
				<en>If you live far away from me, this option will be ideal for you. I work using modern technologies,  fragments of modern films, series, comic books and songs, interactive games, French TV reports, articles and authentic materials</en>
				<fr></fr>
			</text>
		</text>
	</multi_post>
	<multi_post>
		<icon_name>
			<type>string</type>
			<label>Ikona</label>
			<description>Nazwa symbolu -&gt;  http://ionicons.com/</description>
			<string>ion-ios-home</string>
		</icon_name>
		<icon_color>
			<type>string</type>
			<description>Kolor zapisie heksadecymalnym, np: #000000</description>
			<string>#f56c11</string>
		</icon_color>
		<title>
			<type>text</type>
			<label>Tytuł</label>
			<text>
				<pl>Lekcje stacjonarne w Warszawie</pl>
				<en>Lessons in Warsaw</en>
				<fr></fr>
			</text>
		</title>
		<text>
			<type>textarea</type>
			<label>Opis</label>
			<format>*</format>
			<text>
				<pl>Zapraszam mieszkających w Warszawie i okolicach na ciekawe zajęcia.[br]Uczę w oparciu o nowoczesne technologie, z wykorzystaniem współczesnego filmu, komiksu i piosenki, gier interaktywnych, reportaży telewizji francuskojęzycznej oraz materiałów autentycznych</pl>
				<en>Classes in Warsaw for individuals (children, teenagers and adults) & in-company.</en>
				<fr></fr>
			</text>
		</text>
	</multi_post>
	<multi_post>
		<icon_name>
			<type>string</type>
			<label>Ikona</label>
			<description>Nazwa symbolu -&gt;  http://ionicons.com/</description>
			<string>ion-ribbon-b</string>
		</icon_name>
		<icon_color>
			<type>string</type>
			<description>Kolor zapisie heksadecymalnym, np: #000000</description>
			<string>#d43231</string>
		</icon_color>
		<title>
			<type>text</type>
			<label>Tytuł</label>
			<text>
				<pl>Przygotowuję do egzaminów</pl>
				<en>Preparation for exams</en>
				<fr></fr>
			</text>
		</title>
		<text>
			<type>textarea</type>
			<label>Opis</label>
			<format>*</format>
			<text>
				<pl>Delf i Dalf[br]Matury polskiej[br]Matury międzynarodowej[br]Egzaminu IGCSE[br]Egzaminu SAT[br]Turystycznych/ biznesowych/ zarobkowych wyjazdów zagranicznych</pl>
				<en>I prepare for:[br]Delf - Dalf exams[br]School-leaving exams[br]IB exam[br]IGCSE exam[br]SAT exam[br]Business/job/tourist trips abroad</en>
				<fr></fr>
			</text>
		</text>
	</multi_post>
	<multi_post>
		<icon_name>
			<type>string</type>
			<label>Ikona</label>
			<description>Nazwa symbolu -&gt;  http://ionicons.com/</description>
			<string>ion-ios-people</string>
		</icon_name>
		<icon_color>
			<type>string</type>
			<description>Kolor zapisie heksadecymalnym, np: #000000</description>
			<string>#888888</string>
		</icon_color>
		<title>
			<type>text</type>
			<label>Tytuł</label>
			<text>
				<pl>Dla kogo</pl>
				<en>For who?</en>
				<fr></fr>
			</text>
		</title>
		<text>
			<type>textarea</type>
			<label>Opis</label>
			<format>*</format>
			<text>
				<pl>Zajęcia na dzieci (stacjonarnie), młodzieży  i dorosłych[br]Zajęcia nakierowane na 4 kompetencje językowe oraz konwersacje</pl>
				<en>For children, teenagres and adults; for individuals and in company.</en>
				<fr></fr>
			</text>
		</text>
	</multi_post>
</xable>
