<?xml version="1.0" encoding="UTF-8"?>
<xable>
	<_file_manager>
		<upload>
			<type>media</type>
			<media>
				<files></files>
			</media>
			<set>files</set>
		</upload>
		<delete>
			<type>media</type>
			<media>
				<files></files>
			</media>
			<set>files</set>
		</delete>
	</_file_manager>
	<header>
		<title>
			<type>text</type>
			<label>Tytuł</label>
			<text>
				<pl>Umów się</pl>
				<en>Book an appointment</en>
				<fr></fr>
			</text>
		</title>
		<text>
			<type>textarea</type>
			<label>Opis</label>
			<format>*</format>
			<text>
				<pl>[center]Zobacz, kiedy jestem wolna i zaproponuj termin zajęć.[/center]</pl>
				<en>[center]See my availability and let's meet![/center]</en>
				<fr></fr>
			</text>
		</text>
		<type>
			<type>option</type>
			<disabled>true</disabled>
			<label>Typ podstrony</label>
			<radio>
				<option>Akapit</option>
				<option>Cechy</option>
			</radio>
			<selected>Akapit</selected>
		</type>
	</header>
	<background>
		<image>
			<type>media</type>
			<label>Obraz w tle</label>
			<media>
				<image>media/schedule/magda_w_pokoju-blue.jpg</image>
			</media>
			<set>image</set>
		</image>
	</background>
	<multi_button>
		<label>
			<type>text</type>
			<label>Etykieta</label>
			<text>
				<pl>Kalendarz Doodle</pl>
				<en>Doodle calendar</en>
				<fr></fr>
			</text>
		</label>
		<image>
			<type>media</type>
			<label>Obrazek</label>
			<media>
				<image>media/schedule/calendar_icon.png</image>
			</media>
			<set>image</set>
		</image>
		<href>
			<type>string</type>
			<label>Odnośnik</label>
			<string>https://doodle.com/Francuskina5</string>
		</href>
	</multi_button>
</xable>
