<?xml version="1.0" encoding="UTF-8"?>
<xable>
	<_file_manager>
		<upload>
			<type>media</type>
			<media>
				<files></files>
			</media>
			<set>files</set>
		</upload>
		<delete>
			<type>media</type>
			<media>
				<files></files>
			</media>
			<set>files</set>
		</delete>
	</_file_manager>
	<multi_page>
		<active>
			<type>option</type>
			<checkbox>
				<option>Pokazuj w nawigacji</option>
			</checkbox>
			<selected>Pokazuj w nawigacji</selected>
		</active>
		<title>
			<type>text</type>
			<label>Nazwa podstrony</label>
			<text>
				<pl>Strona Główna</pl>
				<en>Home</en>
				<de></de>
				<fr></fr>
			</text>
		</title>
		<href>
			<type>string</type>
			<label>Odnośnik</label>
			<string>home</string>
		</href>
	</multi_page>
	<multi_page>
		<active>
			<type>option</type>
			<checkbox>
				<option>Pokazuj w nawigacji</option>
			</checkbox>
			<selected>Pokazuj w nawigacji</selected>
		</active>
		<title>
			<type>text</type>
			<label>Nazwa podstrony</label>
			<text>
				<pl>O mnie</pl>
				<en>About me</en>
				<de></de>
				<fr></fr>
			</text>
		</title>
		<href>
			<type>string</type>
			<label>Odnośnik</label>
			<string>about</string>
		</href>
	</multi_page>
	<multi_page>
		<active>
			<type>option</type>
			<checkbox>
				<option>Pokazuj w nawigacji</option>
			</checkbox>
			<selected>Pokazuj w nawigacji</selected>
		</active>
		<title>
			<type>text</type>
			<label>Nazwa podstrony</label>
			<text>
				<pl>Oferta</pl>
				<en>Offer</en>
				<de></de>
				<fr></fr>
			</text>
		</title>
		<href>
			<type>string</type>
			<label>Odnośnik</label>
			<string>offer</string>
		</href>
	</multi_page>
	<multi_page>
		<active>
			<type>option</type>
			<checkbox>
				<option>Pokazuj w nawigacji</option>
			</checkbox>
			<selected>Pokazuj w nawigacji</selected>
		</active>
		<title>
			<type>text</type>
			<label>Nazwa podstrony</label>
			<text>
				<pl>Cennik</pl>
				<en>Rate</en>
				<de></de>
				<fr></fr>
			</text>
		</title>
		<href>
			<type>string</type>
			<label>Odnośnik</label>
			<string>cennik</string>
		</href>
	</multi_page>
	<multi_page>
		<active>
			<type>option</type>
			<checkbox>
				<option>Pokazuj w nawigacji</option>
			</checkbox>
			<selected>Pokazuj w nawigacji</selected>
		</active>
		<title>
			<type>text</type>
			<label>Nazwa podstrony</label>
			<text>
				<pl>Umów się</pl>
				<en>Make an appointment</en>
				<de></de>
				<fr></fr>
			</text>
		</title>
		<href>
			<type>string</type>
			<label>Odnośnik</label>
			<string>schedule</string>
		</href>
	</multi_page>
	<multi_page>
		<active>
			<type>option</type>
			<checkbox>
				<option>Pokazuj w nawigacji</option>
			</checkbox>
			<selected>Pokazuj w nawigacji</selected>
		</active>
		<title>
			<type>text</type>
			<label>Nazwa podstrony</label>
			<text>
				<pl>Kontakt</pl>
				<en>Contact</en>
				<de></de>
				<fr></fr>
			</text>
		</title>
		<href>
			<type>string</type>
			<label>Odnośnik</label>
			<string>contact</string>
		</href>
	</multi_page>
</xable>
