<?xml version="1.0" encoding="UTF-8"?>
<xable>
	<_file_manager>
		<upload>
			<type>media</type>
			<media>
				<files></files>
			</media>
			<set>files</set>
		</upload>
		<delete>
			<type>media</type>
			<media>
				<files></files>
			</media>
			<set>files</set>
		</delete>
	</_file_manager>
	<test>
		<program>
			<type>code</type>
			<label>Kod</label>
			<code>&lt;script&gt;[br]            (function(i,s,o,g,r,a,m){i['GoogleAnalyticsObject']=r;i[r]=i[r]||function(){[br]            (i[r].q=i[r].q||[]).push(arguments)},i[r].l=1*new Date();a=s.createElement(o),[br]            m=s.getElementsByTagName(o)[0];a.async=1;a.src=g;m.parentNode.insertBefore(a,m)[br]            })(window,document,'script','https://www.google-analytics.com/analytics.js','ga');[br][br]            ga('create', 'UA-92933703-1', 'auto');[br]            ga('send', 'pageview');[br]&lt;/script&gt;</code>
		</program>
	</test>
</xable>
