<?xml version="1.0" encoding="UTF-8"?>
<xable>
	<_file_manager>
		<upload>
			<type>media</type>
			<media>
				<files></files>
			</media>
			<set>files</set>
		</upload>
		<delete>
			<type>media</type>
			<media>
				<files></files>
			</media>
			<set>files</set>
		</delete>
	</_file_manager>
	<multi_post>
		<title>
			<type>text</type>
			<label>Tytuł</label>
			<text>
				<pl>GALERIA</pl>
				<en>GALLERY</en>
			</text>
		</title>
		<text>
			<type>textarea</type>
			<label>Opis</label>
			<format>*</format>
			<text>
				<pl></pl>
				<en></en>
			</text>
		</text>
		<media>
			<type>media</type>
			<label>Multimedia</label>
			<media>
				<image>media/gallery</image>
				<gallery>media/gallery/kokpit_20170105-104812.jpg;media/gallery/pexels-photo-64687.jpeg;media/gallery/front_20170105-105217.jpg</gallery>
				<file>media/gallery</file>
				<files>media/gallery</files>
				<video></video>
				<none></none>
			</media>
			<set>gallery</set>
		</media>
	</multi_post>
</xable>
