<?xml version="1.0" encoding="UTF-8"?>
<xable>
	<_file_manager>
		<upload>
			<type>media</type>
			<media>
				<files></files>
			</media>
			<set>files</set>
		</upload>
		<delete>
			<type>media</type>
			<media>
				<files></files>
			</media>
			<set>files</set>
		</delete>
	</_file_manager>
	<test>
		<press>
			<type>button</type>
			<label>GUZIK</label>
			<description>Naciśnij go koniecznie :)</description>
			<action>http://maciejnowak.com</action>
		</press>
	</test>
	<test>
		<title>
			<type>text</type>
			<label>Tytuł</label>
			<text>
				<pl>Nowości</pl>
				<en></en>
				<en></en>
			</text>
		</title>
		<text>
			<type>textarea</type>
			<label>Opis</label>
			<format>*</format>
			<text>
				<pl>Ala ma kota :)</pl>
				<en></en>
				<de></de>
			</text>
		</text>
		<data>
			<type>table</type>
			<label>Tabelka</label>
			<table>
				<pl>Raz;Dwa;Trzy</pl>
				<pl>1;2;3</pl>
			</table>
		</data>
		<data2>
			<type>table</type>
			<label>Tab2</label>
			<table>
				<pl>Dupa;Kupa</pl>
				<pl>Cycki;</pl>
				<en></en>
				<de></de>
			</table>
		</data2>
		<data3>
			<type>table</type>
			<label>Tab3</label>
			<table>
				<pl>Bzyk;Fik</pl>
				<pl>777;555</pl>
				<en>English;is;fun</en>
				<de></de>
			</table>
		</data3>
	</test>
</xable>
