<?xml version="1.0" encoding="UTF-8"?>
<xable>
	<_file_manager>
		<upload>
			<type>media</type>
			<media>
				<files></files>
			</media>
			<set>files</set>
		</upload>
		<delete>
			<type>media</type>
			<media>
				<files></files>
			</media>
			<set>files</set>
		</delete>
	</_file_manager>
	<test>
		<data1>
			<type>table</type>
			<label>Tylko PL</label>
			<table>
				<pl>Raz;Dwa;Trzy</pl>
				<pl>1[semi]a[semi]b[semi]c;2;3</pl>
			</table>
		</data1>
		<data2>
			<type>table</type>
			<label>Inne puste</label>
			<table>
				<pl>Dupa;Kupa</pl>
				<pl>i kamieni kupa; </pl>
				<en> </en>
				<en> </en>
				<de> </de>
				<de> </de>
			</table>
		</data2>
		<data3>
			<type>table</type>
			<label>EN wypełniony</label>
			<table>
				<pl>Bzyk;Fik</pl>
				<pl>777;555</pl>
				<en>English;is;fun</en>
				<de> </de>
				<de> </de>
			</table>
		</data3>
	</test>
</xable>
