<?xml version="1.0" encoding="UTF-8"?>
<xable>
	<_file_manager>
		<upload>
			<type>media</type>
			<media>
				<files></files>
			</media>
			<set>files</set>
		</upload>
		<delete>
			<type>media</type>
			<media>
				<files></files>
			</media>
			<set>files</set>
		</delete>
	</_file_manager>
	<test>
		<text_1>
			<type>textarea</type>
			<label>Tylko PL</label>
			<format></format>
			<text>
				<pl>Ala ma kota.</pl>
				<en></en>
				<en></en>
			</text>
		</text_1>
		<text_2>
			<type>textarea</type>
			<label>Inne puste</label>
			<format></format>
			<text>
				<pl>Ala ma kota.</pl>
				<en></en>
				<de></de>
			</text>
		</text_2>
		<text_3>
			<type>textarea</type>
			<label>Inne pełne</label>
			<format></format>
			<text>
				<pl>Ala ma kota.</pl>
				<en>Alice has a cat.</en>
				<de>Ala hat eine Katze.</de>
			</text>
		</text_3>
	</test>
</xable>
