<?xml version="1.0" encoding="UTF-8"?>
<xable>
	<_file_manager>
		<upload>
			<type>media</type>
			<media>
				<files></files>
			</media>
			<set>files</set>
		</upload>
		<delete>
			<type>media</type>
			<media>
				<files></files>
			</media>
			<set>files</set>
		</delete>
	</_file_manager>
	<test>
		<title_1>
			<type>text</type>
			<label>Tylko PL</label>
			<text>
				<pl>Wspaniale!</pl>
			</text>
		</title_1>
		<title_2>
			<type>text</type>
			<label>Inne puste</label>
			<text>
				<pl>Wspaniale!</pl>
				<en></en>
				<de></de>
			</text>
		</title_2>
		<title_3>
			<type>text</type>
			<label>Inne pełne</label>
			<text>
				<pl>Wspaniale!</pl>
				<en>Wonderfull!</en>
				<de>Wunderbaum :)</de>
			</text>
		</title_3>
	</test>
</xable>
