<?xml version="1.0" encoding="UTF-8"?>
<xable>
	<_file_manager>
		<upload>
			<type>media</type>
			<media>
				<files></files>
			</media>
			<set>files</set>
		</upload>
		<delete>
			<type>media</type>
			<media>
				<files></files>
			</media>
			<set>files</set>
		</delete>
	</_file_manager>
	<multi_post>
		<title>
			<type>text</type>
			<label>Tytuł</label>
			<text>
				<pl>TEST</pl>
				<en></en>
			</text>
		</title>
		<text>
			<type>textarea</type>
			<label>Opis</label>
			<format>*</format>
			<text>
				<pl>Test test</pl>
				<en></en>
			</text>
		</text>
		<media>
			<type>media</type>
			<label>Multimedia</label>
			<media>
				<image>media/post</image>
				<gallery>media/post</gallery>
				<file>media/post</file>
				<files></files>
				<video></video>
				<none></none>
			</media>
			<set>image</set>
		</media>
	</multi_post>
	<code>
		<string>
			<type>string</type>
			<label>String</label>
			<string>ga('create', 'UA-92933703-1', 'auto');</string>
		</string>
		<title>
			<type>text</type>
			<label>Text</label>
			<text>
				<pl>ga('create', 'UA-92933703-1', 'auto');</pl>
				<en></en>
			</text>
		</title>
		<text>
			<type>textarea</type>
			<label>TextArea</label>
			<format></format>
			<text>
				<pl>        &lt;!-- GoStats JavaScript Based Code --&gt;[br]        &lt;script type="text/javascript" src="http://gostats.pl/js/counter.js"&gt;&lt;/script&gt;[br]        &lt;script type="text/javascript"&gt;_gos='monster.gostats.pl';_goa=490409;[br]        _got=5;_goi=1;_gol='darmowe statystyki stron';_GoStatsRun();&lt;/script&gt;[br]        &lt;noscript&gt;&lt;a target="_blank" title="darmowe statystyki stron" [br]        href="http://gostats.pl"&gt;&lt;img alt="darmowe statystyki stron" [br]        src="http://monster.gostats.pl/bin/count/a_490409/t_5/i_1/counter.png" [br]        style="border-width:0" /&gt;&lt;/a&gt;&lt;/noscript&gt;[br]        &lt;!-- End GoStats JavaScript Based Code --&gt;</pl>
				<en></en>
			</text>
		</text>
	</code>
</xable>
