<?xml version="1.0" encoding="UTF-8"?>
<xable>
	<_file_manager>
		<upload>
			<type>media</type>
			<media>
				<files></files>
			</media>
			<set>files</set>
		</upload>
		<delete>
			<type>media</type>
			<media>
				<files></files>
			</media>
			<set>files</set>
		</delete>
	</_file_manager>
	<multi_sentence>
		<key>
			<type>string</type>
			<string>none-label</string>
		</key>
		<translation>
			<type>text</type>
			<text>
				<pl>Brak</pl>
				<en>None</en>
				<de></de>
			</text>
		</translation>
	</multi_sentence>
	<multi_sentence>
		<key>
			<type>string</type>
			<string>password-test</string>
		</key>
		<translation>
			<type>text</type>
			<text>
				<pl>Sprawdź hasło</pl>
				<en>Check password</en>
				<de></de>
			</text>
		</translation>
	</multi_sentence>
	<multi_sentence>
		<key>
			<type>string</type>
			<string>repeat-password</string>
		</key>
		<translation>
			<type>text</type>
			<text>
				<pl>Powtórz hasło</pl>
				<en>Repeat password</en>
				<de></de>
			</text>
		</translation>
	</multi_sentence>
	<multi_sentence>
		<key>
			<type>string</type>
			<string>group-label</string>
		</key>
		<translation>
			<type>text</type>
			<text>
				<pl>Grupa</pl>
				<en>Group</en>
				<de></de>
			</text>
		</translation>
	</multi_sentence>
	<multi_sentence>
		<key>
			<type>string</type>
			<string>new-user</string>
		</key>
		<translation>
			<type>text</type>
			<text>
				<pl>Nowy użytkownik</pl>
				<en>New user</en>
				<de></de>
			</text>
		</translation>
	</multi_sentence>
	<multi_sentence>
		<key>
			<type>string</type>
			<string>xable-users</string>
		</key>
		<translation>
			<type>text</type>
			<text>
				<pl>X.able CMS / Użytkownicy i grupy</pl>
				<en>X.able CMS / Users & groups</en>
				<de></de>
			</text>
		</translation>
	</multi_sentence>
	<multi_sentence>
		<key>
			<type>string</type>
			<string>xable-update</string>
		</key>
		<translation>
			<type>text</type>
			<text>
				<pl>X.able CMS / Aktualizacja</pl>
				<en>X.able CMS / Update</en>
				<de></de>
			</text>
		</translation>
	</multi_sentence>
	<multi_sentence>
		<key>
			<type>string</type>
			<string>xable-explorer</string>
		</key>
		<translation>
			<type>text</type>
			<text>
				<pl>X.able CMS / Menedżer plików</pl>
				<en>X.able CMS / File explorer</en>
				<de></de>
			</text>
		</translation>
	</multi_sentence>
	<multi_sentence>
		<key>
			<type>string</type>
			<string>xable-creator</string>
		</key>
		<translation>
			<type>text</type>
			<text>
				<pl>X.able CMS / Konstruktor</pl>
				<en>X.able CMS / Creator</en>
				<de></de>
			</text>
		</translation>
	</multi_sentence>
	<multi_sentence>
		<key>
			<type>string</type>
			<string>xable-search</string>
		</key>
		<translation>
			<type>text</type>
			<text>
				<pl>X.able CMS / Szukaj</pl>
				<en>X.able CMS / Search</en>
				<de></de>
			</text>
		</translation>
	</multi_sentence>
	<multi_sentence>
		<key>
			<type>string</type>
			<string>xable-editor</string>
		</key>
		<translation>
			<type>text</type>
			<text>
				<pl>X.able CMS / Edytor</pl>
				<en>X.able CMS / Editor</en>
				<de></de>
			</text>
		</translation>
	</multi_sentence>
	<multi_sentence>
		<key>
			<type>string</type>
			<string>xable-backup</string>
		</key>
		<translation>
			<type>text</type>
			<text>
				<pl>X.able CMS / Kopia zapasowa</pl>
				<en>X.able CMS / Backup</en>
				<de></de>
			</text>
		</translation>
	</multi_sentence>
	<multi_sentence>
		<key>
			<type>string</type>
			<string>xable-login</string>
		</key>
		<translation>
			<type>text</type>
			<text>
				<pl>X.able CMS / Login</pl>
				<en>X.able CMS / Login</en>
				<de></de>
			</text>
		</translation>
	</multi_sentence>
	<multi_sentence>
		<key>
			<type>string</type>
			<string>xable-log</string>
		</key>
		<translation>
			<type>text</type>
			<text>
				<pl>X.able CMS / Dziennik zdarzeń</pl>
				<en>X.able CMS / Events log</en>
				<de></de>
			</text>
		</translation>
	</multi_sentence>
	<multi_sentence>
		<key>
			<type>string</type>
			<string>xable-password</string>
		</key>
		<translation>
			<type>text</type>
			<text>
				<pl>X.able CMS / Zmiana hasła</pl>
				<en>X.able CMS / Password change</en>
				<de></de>
			</text>
		</translation>
	</multi_sentence>
	<multi_sentence>
		<key>
			<type>string</type>
			<string>search-label</string>
		</key>
		<translation>
			<type>text</type>
			<text>
				<pl>Szukaj</pl>
				<en>Search</en>
				<de></de>
			</text>
		</translation>
	</multi_sentence>
	<multi_sentence>
		<key>
			<type>string</type>
			<string>new-document-label</string>
		</key>
		<translation>
			<type>text</type>
			<text>
				<pl>Nowy dokument</pl>
				<en>New document</en>
				<de></de>
			</text>
		</translation>
	</multi_sentence>
	<multi_sentence>
		<key>
			<type>string</type>
			<string>status-none</string>
		</key>
		<translation>
			<type>text</type>
			<text>
				<pl>BRAK</pl>
				<en>NONE</en>
				<de></de>
			</text>
		</translation>
	</multi_sentence>
	<multi_sentence>
		<key>
			<type>string</type>
			<string>status-new</string>
		</key>
		<translation>
			<type>text</type>
			<text>
				<pl>Nowy</pl>
				<en>New</en>
				<de></de>
			</text>
		</translation>
	</multi_sentence>
	<multi_sentence>
		<key>
			<type>string</type>
			<string>status-published</string>
		</key>
		<translation>
			<type>text</type>
			<text>
				<pl>Opublikowany</pl>
				<en>Published</en>
				<de></de>
			</text>
		</translation>
	</multi_sentence>
	<multi_sentence>
		<key>
			<type>string</type>
			<string>status-edited</string>
		</key>
		<translation>
			<type>text</type>
			<text>
				<pl>Edytowany</pl>
				<en>Edited</en>
				<de></de>
			</text>
		</translation>
	</multi_sentence>
	<multi_sentence>
		<key>
			<type>string</type>
			<string>status-unpublished</string>
		</key>
		<translation>
			<type>text</type>
			<text>
				<pl>Edytowany, bez publikacji</pl>
				<en>Edited, not published</en>
				<de></de>
			</text>
		</translation>
	</multi_sentence>
	<multi_sentence>
		<key>
			<type>string</type>
			<string>status-previous</string>
		</key>
		<translation>
			<type>text</type>
			<text>
				<pl>Poprzedni</pl>
				<en>Previous</en>
				<de></de>
			</text>
		</translation>
	</multi_sentence>
	<multi_sentence>
		<key>
			<type>string</type>
			<string>notifications-label</string>
		</key>
		<translation>
			<type>text</type>
			<text>
				<pl>Powiadomienia</pl>
				<en>Notifications</en>
				<de></de>
			</text>
		</translation>
	</multi_sentence>
	<multi_sentence>
		<key>
			<type>string</type>
			<string>user-label</string>
		</key>
		<translation>
			<type>text</type>
			<text>
				<pl>Użytkownik</pl>
				<en>User</en>
				<de></de>
			</text>
		</translation>
	</multi_sentence>
	<multi_sentence>
		<key>
			<type>string</type>
			<string>logout-label</string>
		</key>
		<translation>
			<type>text</type>
			<text>
				<pl>Wyloguj się</pl>
				<en>Logout</en>
				<de></de>
			</text>
		</translation>
	</multi_sentence>
	<multi_sentence>
		<key>
			<type>string</type>
			<string>password-change</string>
		</key>
		<translation>
			<type>text</type>
			<text>
				<pl>Zmień hasło</pl>
				<en>Change password</en>
				<de></de>
			</text>
		</translation>
	</multi_sentence>
	<multi_sentence>
		<key>
			<type>string</type>
			<string>cancel-changes</string>
		</key>
		<translation>
			<type>text</type>
			<text>
				<pl>Anuluj aktualne zmiany</pl>
				<en>Cancel unsaved changes</en>
				<de></de>
			</text>
		</translation>
	</multi_sentence>
	<multi_sentence>
		<key>
			<type>string</type>
			<string>save-changes</string>
		</key>
		<translation>
			<type>text</type>
			<text>
				<pl>Zapisz zmiany</pl>
				<en>Save changes</en>
				<de></de>
			</text>
		</translation>
	</multi_sentence>
	<multi_sentence>
		<key>
			<type>string</type>
			<string>publish-label</string>
		</key>
		<translation>
			<type>text</type>
			<text>
				<pl>Publikuj</pl>
				<en>Publish</en>
				<de></de>
			</text>
		</translation>
	</multi_sentence>
	<multi_sentence>
		<key>
			<type>string</type>
			<string>publish-changes</string>
		</key>
		<translation>
			<type>text</type>
			<text>
				<pl>Zapisz zmiany i publikuj</pl>
				<en>Save & publish changes</en>
				<de></de>
			</text>
		</translation>
	</multi_sentence>
	<multi_sentence>
		<key>
			<type>string</type>
			<string>discard-changes</string>
		</key>
		<translation>
			<type>text</type>
			<text>
				<pl>Odrzuć nieopublikowane zmiany</pl>
				<en>Discard unsaved changes</en>
				<de></de>
			</text>
		</translation>
	</multi_sentence>
	<multi_sentence>
		<key>
			<type>string</type>
			<string>unpublish-changes</string>
		</key>
		<translation>
			<type>text</type>
			<text>
				<pl>Cofnij publikację</pl>
				<en>Unpublish last changes</en>
				<de></de>
			</text>
		</translation>
	</multi_sentence>
	<multi_sentence>
		<key>
			<type>string</type>
			<string>revert-previous</string>
		</key>
		<translation>
			<type>text</type>
			<text>
				<pl>Przywróć poprzednią wersję</pl>
				<en>Revert to previous version</en>
				<de></de>
			</text>
		</translation>
	</multi_sentence>
	<multi_sentence>
		<key>
			<type>string</type>
			<string>language-label</string>
		</key>
		<translation>
			<type>text</type>
			<text>
				<pl>Język</pl>
				<en>Language</en>
				<de></de>
			</text>
		</translation>
	</multi_sentence>
	<multi_sentence>
		<key>
			<type>string</type>
			<string>language-change</string>
		</key>
		<translation>
			<type>text</type>
			<text>
				<pl>Wyświetl treści w wybranym języku</pl>
				<en>View content in selected language</en>
				<de></de>
			</text>
		</translation>
	</multi_sentence>
</xable>
